index,pl_name,hostname,discoverymethod,disc_year,pl_orbper,pl_rade,pl_bmasse,pl_eqt,st_teff,st_mass,st_rad,sy_dist,sy_vmag,rastr,decstr
0,AU Mic b,AU Mic,Transit,2020,8.4629991,,20.12,,,0.5,,9.7221,8.81,20h45m09.87s,-31d20m32.82s
1,AU Mic c,AU Mic,Transit,2021,18.858991,,9.6,,,0.5,,9.7221,8.81,20h45m09.87s,-31d20m32.82s
2,BD-14 3065 b,BD-14 3065 A,Transit,2024,4.2889731,21.59,3932,2001,6935,1.41,2.35,589.423,11.1,10h14m40.72s,-15d38m34.21s
3,DS Tuc A b,DS Tuc A,Transit,2019,8.138268,5.7,,850,5428,1.01,0.96,44.0622,8.17,23h39m39.71s,-69d11m45.75s
4,GJ 1252 b,GJ 1252,Transit,2020,0.5182331,1.193,1.32,,3458,0.38,0.39,20.373,12.68,20h27m42.88s,-56d27m44.23s
5,GJ 143 b,GJ 143,Transit,2019,35.61253,2.61,22.7,422,4640,0.73,0.69,16.32,8.08,03h27m00.05s,-63d30m00.60s
6,GJ 238 b,GJ 238,Transit,2024,1.7446999,0.566,,758,3485,0.42,0.43,15.2142,11.62,06h33m49.17s,-58d31m30.11s
7,GJ 3090 b,GJ 3090,Transit,2022,2.8531054,2.13,3.34,693,3556,0.52,0.52,22.4751,11.403,01h21m45.22s,-46d42m53.00s
8,GJ 3473 b,GJ 3473,Transit,2020,1.1980035,1.264,1.86,773,3347,0.36,0.36,27.3644,13.74,08h02m22.47s,+03d20m13.79s
9,GJ 357 b,GJ 357,Transit,2019,3.9306,1.2,,518,3505,0.34,0.34,9.44181,10.91,09h36m01.79s,-21d39m54.23s
10,GJ 367 b,GJ 367,Transit,2021,0.3219225,0.699,0.633,1365,3522,0.46,0.46,9.41263,10.153,09h44m29.15s,-45d46m44.46s
11,GJ 3929 b,GJ 3929,Transit,2022,2.616235,1.09,1.75,568,3384,0.31,0.32,15.8095,12.675,15h58m18.62s,+35d24m29.21s
12,GJ 806 b,GJ 806,Transit,2023,0.9263237,1.331,1.9,940,3600,0.41,0.41,12.0445,10.79,20h45m04.73s,+44d30m00.85s
13,Gliese 12 b,Gliese 12,Transit,2024,12.761408,0.958,3.87,315,3296,0.24,0.26,12.21,12.6,00h15m49.90s,+13d33m27.42s
14,HD 108236 b,HD 108236,Transit,2020,3.795963,1.615,,,5660,0.87,0.88,64.5978,9.25,12h26m17.78s,-51d21m46.99s
15,HD 108236 c,HD 108236,Transit,2020,6.203449,2.071,,,5660,0.87,0.88,64.5978,9.25,12h26m17.78s,-51d21m46.99s
16,HD 108236 d,HD 108236,Transit,2020,14.175685,2.539,,,5660,0.87,0.88,64.5978,9.25,12h26m17.78s,-51d21m46.99s
17,HD 108236 e,HD 108236,Transit,2020,19.590025,3.083,,,5660,0.87,0.88,64.5978,9.25,12h26m17.78s,-51d21m46.99s
18,HD 109833 b,HD 109833,Transit,2022,9.188526,2.888,,,5881,1.08,1,79.5561,9.29,12h39m06.21s,-74d34m26.47s
19,HD 109833 c,HD 109833,Transit,2022,13.900148,2.59,,,5881,1.08,1,79.5561,9.29,12h39m06.21s,-74d34m26.47s
20,HD 110082 b,HD 110082,Transit,2021,10.18271,3.2,,,6200,1.21,1.19,105.096,9.23,12h50m21.43s,-88d07m16.00s
21,HD 110113 b,HD 110113,Transit,2021,2.541,2.05,4.55,1371,5732,1,0.97,106.307,10.09,12h40m08.78s,-44d18m43.48s
22,HD 135694 b,HD 135694,Transit,2023,15.92346,2.532,6.1,751,5698,0.91,1.07,73.8713,9.08,15h11m28.29s,+71d50m28.67s
23,HD 1397 b,HD 1397,Transit,2018,11.53533,11.5,131.89945,1228,5521,1.32,2.34,79.5702,7.79,00h17m47.32s,-66d21m32.14s
24,HD 152843 b,HD 152843,Transit,2021,11.6264,3.41,11.56,,6310,1.15,1.43,107.898,8.855,16h55m08.37s,+20d29m29.49s
25,HD 152843 c,HD 152843,Transit,2021,24.38,5.83,27.5,,6310,1.15,1.43,107.898,8.855,16h55m08.37s,+20d29m29.49s
26,HD 15337 b,HD 15337,Transit,2019,4.75615,1.64,7.51,1001,5125,0.9,0.86,44.8155,9.1,02h27m28.29s,-27d38m10.02s
27,HD 15337 c,HD 15337,Transit,2019,17.1784,2.39,8.11,642,5125,0.9,0.86,44.8155,9.1,02h27m28.29s,-27d38m10.02s
28,HD 15906 b,HD 15906,Transit,2023,10.924709,2.24,,668,4757,0.79,0.76,45.5621,9.78,02h33m05.10s,-10d21m07.84s
29,HD 15906 c,HD 15906,Transit,2023,21.583298,2.93,,532,4757,0.79,0.76,45.5621,9.78,02h33m05.10s,-10d21m07.84s
30,HD 183579 b,HD 183579,Transit,2021,17.471291,3.49,20.4,752,5784,1,0.96,57.2651,8.67,19h33m08.79s,-54d31m57.82s
31,HD 18599 b,HD 18599,Transit,2022,4.1374354,2.6,24.1,,5145,0.86,0.77,38.5653,8.99,02h57m02.88s,-56d11m30.73s
32,HD 191939 b,HD 191939,Transit,2020,8.8803256,3.41,10,880,5348,0.81,0.94,53.6089,8.97,20h08m06.15s,+66d51m01.09s
33,HD 191939 c,HD 191939,Transit,2020,28.579743,3.195,8,600,5348,0.81,0.94,53.6089,8.97,20h08m06.15s,+66d51m01.09s
34,HD 191939 d,HD 191939,Transit,2020,38.353037,2.995,2.8,540,5348,0.81,0.94,53.6089,8.97,20h08m06.15s,+66d51m01.09s
35,HD 202772 A b,HD 202772 A,Transit,2019,3.308958,17.318,323.23311,2132,6272,1.72,2.59,161.498,8.324,21h18m47.90s,-26d36m58.95s
36,HD 20329 b,HD 20329,Transit,2022,0.926118,1.72,7.42,2141,5596,0.9,1.13,63.6796,8.76,03h16m42.75s,+15d39m22.88s
37,HD 207496 b,HD 207496,Transit,2023,6.441008,2.25,6.1,743,4819,0.8,0.77,23.606,8.23,21h54m52.36s,-77d20m19.69s
38,HD 207897 b,HD 207897,Transit,2021,16.20166,2.343,14.8,582,5106,0.82,0.78,28.2938,8.37,21h40m48.39s,+84d20m01.54s
39,HD 213885 b,HD 213885,Transit,2019,1.008035,1.745,8.83,2128,5978,1.07,1.1,48.0883,7.95,22h35m56.09s,-59d51m53.38s
40,HD 21749 c,GJ 143,Transit,2019,7.78993,0.892,3.7,701,4640,0.73,0.69,16.32,8.08,03h27m00.05s,-63d30m00.60s
41,HD 219666 b,HD 219666,Transit,2018,6.04345,4.24,,838,5527,0.92,1.03,94.1719,9.809,23h18m14.22s,-56d54m14.35s
42,HD 221416 b,HD 221416,Transit,2019,14.2767,9.17,60.5,,5080,1.21,2.94,95.5483,8.15,23h32m07.96s,-21d48m04.32s
43,HD 22946 d,HD 22946,Transit,2023,47.42489,2.607,26.57,546,6169,1.1,1.12,62.7792,8.270001,03h39m16.69s,-42d45m46.90s
44,HD 23472 b,HD 23472,Transit,2019,17.667087,2,8.32,543,4684,0.67,0.71,39.0341,9.73,03h41m50.17s,-62d46m02.16s
45,HD 23472 c,HD 23472,Transit,2019,29.79749,1.87,3.41,467,4684,0.67,0.71,39.0341,9.73,03h41m50.17s,-62d46m02.16s
46,HD 23472 d,HD 23472,Transit,2022,3.97664,0.75,0.55,909,4684,0.67,0.71,39.0341,9.73,03h41m50.17s,-62d46m02.16s
47,HD 23472 e,HD 23472,Transit,2022,7.90754,0.818,0.72,723,4684,0.67,0.71,39.0341,9.73,03h41m50.17s,-62d46m02.16s
48,HD 23472 f,HD 23472,Transit,2022,12.1621839,1.137,0.77,630,4684,0.67,0.71,39.0341,9.73,03h41m50.17s,-62d46m02.16s
49,HD 235088 b,HD 235088,Transit,2023,7.434151,2.075,4.2,754,5087,0.85,0.8,41.1706,9.19,20h02m27.71s,+53d22m38.79s
50,HD 25463 b,HD 25463,Transit,2023,7.0491423,2.545,8.7,1198,6353,1.25,1.42,45.6181,6.91134,04h02m59.60s,+09d12m27.96s
51,HD 25463 c,HD 25463,Transit,2023,3.04405,1.364,4.3,1586,6353,1.25,1.42,45.6181,6.91134,04h02m59.60s,+09d12m27.96s
52,HD 260655 b,HD 260655,Transit,2022,2.76953,1.24,2.14,709,3803,0.44,0.44,10.0055,9.63,06h37m09.97s,+17d33m58.57s
53,HD 260655 c,HD 260655,Transit,2022,5.70588,1.533,3.09,557,3803,0.44,0.44,10.0055,9.63,06h37m09.97s,+17d33m58.57s
54,HD 2685 b,HD 2685,Transit,2019,4.12688,16.141,371.8611,2061,6801,1.43,1.56,196.852,9.595,00h29m18.94s,-76d18m14.52s
55,HD 28109 b,HD 28109,Transit,2022,22.89104,2.199,18.496,881,6120,1.26,1.45,139.611,9.42,04h20m57.19s,-68d06m09.68s
56,HD 28109 c,HD 28109,Transit,2022,56.00819,4.23,7.943,585,6120,1.26,1.45,139.611,9.42,04h20m57.19s,-68d06m09.68s
57,HD 28109 d,HD 28109,Transit,2022,84.25999,3.25,5.681,506,6120,1.26,1.45,139.611,9.42,04h20m57.19s,-68d06m09.68s
58,HD 332231 b,HD 332231,Transit,2020,18.712024,9.073,74.1,798,6128,1.16,1.27,80.6665,8.558,20h26m57.87s,+33d44m39.80s
59,HD 42813 b,HD 42813,Transit,2023,13.630828,3.426,5.9,703,5323,0.95,0.98,68.192,9.49,06h12m13.88s,-14d38m57.54s
60,HD 5278 b,HD 5278,Transit,2021,14.339156,2.45,7.8,943,6203,1.13,1.19,57.5846,7.94,00h50m11.23s,-83d44m37.56s
61,HD 56414 b,HD 56414,Transit,2022,29.04992,3.71,,1133,8500,1.89,1.75,272.217,9.217,07h11m22.48s,-68d50m00.03s
62,HD 6061 b,HD 6061,Transit,2023,5.2549,2.428,10,1075,5934,1.03,1.01,67.6203,8.844,01h02m23.55s,+37d11m07.58s
63,HD 63433 b,HD 63433,Transit,2020,7.1079384,2.164,37.3,886,5634,0.99,0.92,22.4035,6.92035,07h49m55.05s,+27d21m47.28s
64,HD 63433 c,HD 63433,Transit,2020,20.543847,2.582,17.2,622,5634,0.99,0.92,22.4035,6.92035,07h49m55.05s,+27d21m47.28s
65,HD 63433 d,HD 63433,Transit,2023,4.209075,1.073,,1040,5688,0.99,0.91,22.4035,6.92035,07h49m55.05s,+27d21m47.28s
66,HD 63935 b,HD 63935,Transit,2021,9.058807,2.916,10.5,825,5513,0.94,0.96,48.9739,8.58,07h51m41.91s,+09d23m06.87s
67,HD 73583 b,HD 73583,Transit,2022,6.398042,2.79,10.2,714,4511,0.73,0.65,31.5666,9.67,08h38m45.19s,-13d15m23.50s
68,HD 73583 c,HD 73583,Transit,2022,18.87974,2.39,9.7,498,4511,0.73,0.65,31.5666,9.67,08h38m45.19s,-13d15m23.50s
69,HD 77946 b,HD 77946,Transit,2024,6.527363,2.896,10.9,1129,6007,1.2,1.32,99.451,8.99,09h07m06.63s,+46d40m20.73s
70,HD 86226 c,HD 86226,Transit,2020,3.98442,2.16,7.25,1311,5863,1.02,1.05,45.683,7.93,09h56m29.64s,-24d05m57.07s
71,HD 93963 A b,HD 93963 A,Transit,2022,1.0376109,1.47,2.8,1842,5908,1.08,1.03,82.3432,9.182,10h51m06.41s,+25d38m27.83s
72,HD 93963 A c,HD 93963 A,Transit,2022,3.6451389,3.12,18.4,1212,5908,1.08,1.03,82.3432,9.182,10h51m06.41s,+25d38m27.83s
73,HIP 113103 b,HIP 113103,Transit,2023,7.610303,1.829,,721,4930,0.76,0.74,46.2122,9.95,22h54m17.37s,-43d00m36.82s
74,HIP 113103 c,HIP 113103,Transit,2023,14.245648,2.4,,585,4930,0.76,0.74,46.2122,9.95,22h54m17.37s,-43d00m36.82s
75,HIP 65 A b,HIP 65 A,Transit,2020,0.9809734,22.754,1021.18779,1411,4590,0.78,0.72,61.7856,11,00h00m44.55s,-54d49m50.96s
76,HIP 67522 b,HIP 67522,Transit,2020,6.959503,10.07,,1174,5675,1.22,1.38,127.28,9.79,13h50m06.24s,-40d50m09.23s
77,HIP 8152 b,HIP 8152,Transit,2023,10.751014,2.536,8.9,795,5618,0.94,0.96,101.694,10.07,01h44m50.22s,-18d24m04.98s
78,HIP 8152 c,HIP 8152,Transit,2023,19.60562,2.524,10.7,651,5618,0.94,0.96,101.694,10.07,01h44m50.22s,-18d24m04.98s
79,HIP 94235 b,HIP 94235,Transit,2022,7.713057,3,379,1060,5991,1.09,1.08,58.5146,8.31,19h10m57.87s,-60d16m21.49s
80,HIP 9618 b,HIP 9618,Transit,2023,20.772858,3.828,8.3,641,5649,0.94,0.96,67.5478,9.2,02h03m37.20s,+21d16m52.78s
81,HIP 9618 c,HIP 9618,Transit,2023,52.56363,3.429,7,470,5649,0.94,0.96,67.5478,9.2,02h03m37.20s,+21d16m52.78s
82,HIP 97166 b,HIP 97166,Transit,2021,10.288914,2.48,19.1,702,5216,0.93,0.84,65.9501,9.92,19h44m58.71s,+74d03m46.29s
83,HR 858 b,HR 858,Transit,2019,3.58599,2.085,,1572,6201,1.15,1.31,31.964,6.38,02h51m56.39s,-30d48m50.62s
84,HR 858 c,HR 858,Transit,2019,5.97293,1.939,,1326,6201,1.15,1.31,31.964,6.38,02h51m56.39s,-30d48m50.62s
85,HR 858 d,HR 858,Transit,2019,11.23,2.164,,1075,6201,1.15,1.31,31.964,6.38,02h51m56.39s,-30d48m50.62s
86,L 168-9 b,L 168-9,Transit,2020,1.40152604,1.63,4.07,998,3842,0.61,0.6,25.1496,11.005,23h20m06.86s,-60d03m56.63s
87,L 98-59 b,L 98-59,Transit,2019,2.2531136,0.85,0.4,627,3415,0.27,0.3,10.6194,11.685,08h18m07.89s,-68d18m52.08s
88,L 98-59 c,L 98-59,Transit,2019,3.6906777,1.385,2.22,553,3415,0.27,0.3,10.6194,11.685,08h18m07.89s,-68d18m52.08s
89,L 98-59 d,L 98-59,Transit,2019,7.4507245,1.521,1.94,416,3415,0.27,0.3,10.6194,11.685,08h18m07.89s,-68d18m52.08s
90,LHS 1478 b,LHS 1478,Transit,2021,1.9495378,1.242,2.33,595,3381,0.24,0.25,18.2276,13.304,02h57m21.33s,+76d33m05.06s
91,LHS 1678 b,LHS 1678,Transit,2021,0.8602325,0.685,,,3490,0.34,0.33,19.8782,12.6,04h32m42.96s,-39d47m27.15s
92,LHS 1678 c,LHS 1678,Transit,2021,3.694284,0.941,,,3490,0.34,0.33,19.8782,12.6,04h32m42.96s,-39d47m27.15s
93,LHS 1678 d,LHS 1678,Transit,2024,4.9652229,0.981,,,3490,0.34,0.33,19.8782,12.6,04h32m42.96s,-39d47m27.15s
94,LHS 1815 b,LHS 1815,Transit,2020,3.814334,1.088,1.58,,3643,0.5,0.5,29.8424,12.167,06h04m21.60s,-55d18m41.54s
95,LHS 3844 b,LHS 3844,Transit,2019,0.46292913,1.303,,805,3036,0.15,0.19,14.8846,15.24,22h41m59.09s,-69d10m19.59s
96,LHS 475 b,LHS 475,Transit,2023,2.029088,0.991,,586,3300,0.26,0.28,12.4814,13,19h20m57.11s,-82d33m35.24s
97,LP 714-47 b,LP 714-47,Transit,2020,4.052037,4.7,30.8,700,3950,0.59,0.58,52.616,12.492,04h16m45.65s,-12d05m05.51s
98,LP 791-18 b,LP 791-18,Transit,2019,0.9479981,1.212,,564,2960,0.14,0.18,26.4927,16.91,11h02m45.72s,-16d24m23.20s
99,LP 791-18 c,LP 791-18,Transit,2019,4.9899093,2.438,7.1,324,2960,0.14,0.18,26.4927,16.91,11h02m45.72s,-16d24m23.20s
100,LP 890-9 b,LP 890-9,Transit,2022,2.7299025,1.32,13.2,396,2850,0.12,0.16,32.4298,18,04h16m31.42s,-28d18m56.85s
101,LTT 1445 A b,LTT 1445 A,Transit,2019,5.35876,1.18,,555,3340,0.26,0.27,6.86929,10.59,03h01m50.99s,-16d35m40.18s
102,LTT 1445 A c,LTT 1445 A,Transit,2022,3.1239035,1.147,1.54,508,3340,0.26,0.27,6.86929,10.59,03h01m50.99s,-16d35m40.18s
103,LTT 3780 b,LTT 3780,Transit,2020,0.76837931,1.325,2.46,903,3358,0.38,0.38,21.9814,13.14,10h18m34.78s,-11d43m04.08s
104,LTT 3780 c,LTT 3780,Transit,2020,12.252284,2.39,8.04,359,3358,0.38,0.38,21.9814,13.14,10h18m34.78s,-11d43m04.08s
105,LTT 9779 b,LTT 9779,Transit,2020,0.792052,4.72,29.32,1978,5443,0.77,0.95,80.4373,9.79,23h54m40.53s,-37d37m41.61s
106,NGTS-11 b,NGTS-11,Transit,2020,35.45533,9.158,109.33352,435,5050,0.86,0.83,190.422,12.456,01h34m05.15s,-14d25m08.94s
107,NGTS-20 b,NGTS-20,Transit,2022,54.18915,11.994,947.12865,688,5980,1.47,1.78,382.898,11.233,03h05m10.23s,-21d56m01.13s
108,NGTS-27 b,NGTS-27,Transit,2024,3.3704181,15.648,188.47225,1783,5700,1.07,1.77,942.122,13.523,13h44m06.37s,-32d31m22.71s
109,NGTS-30 b,NGTS-30,Transit,2024,98.29838,10.402,305.11527,500,5455,0.94,0.91,238.377,12.537,11h34m51.57s,-24d36m19.73s
110,TIC 139270665 b,TIC 139270665,Transit,2024,23.624,7.23,147.15455,703,5844,1.03,1.02,189.875,10.385,08h16m08.14s,+33d17m29.23s
111,TIC 172900988 b,TIC 172900988 Aa,Transit,2021,200.452,11.25,942,,6050,1.24,1.38,250.956,10.141,08h34m38.80s,+31d33m14.33s
112,TIC 237913194 b,TIC 237913194,Transit,2020,15.168865,12.52,617.22586,974,5788,1.03,1.09,306.063,12.144,01h29m46.99s,-60d44m23.67s
113,TIC 241249530 b,TIC 241249530,Transit,2024,165.7719,13.294,1582.78547,,6166,1.27,1.4,324.448,11.908,06h21m14.14s,+53d17m42.07s
114,TIC 257060897 b,TIC 257060897,Transit,2021,3.660028,16.701,212.94503,1762,,1.32,1.82,505.703,11.814,15h10m07.72s,+72d42m37.13s
115,TIC 279401253 b,TIC 279401253,Transit,2023,76.8,11.209,1951.46642,,5951,1.13,1.06,285.584,11.938,03h50m37.73s,-15d01m34.41s
116,TIC 365102760 b,TIC 365102760,Transit,2024,4.21285367,6.21,19.2,,4900,1.17,3.13,555.546,12.154,20h23m21.56s,+54d23m39.55s
117,TIC 393818343 b,TIC 393818343,Transit,2024,16.24921,12.184,1379.37529,806,5756,1.08,1.09,93.7345,9.48,20h41m10.01s,+03d38m17.87s
118,TIC 46432937 b,TIC 46432937,Transit,2024,1.44044527,13.316,1017.0509,872,3572,0.56,0.53,90.5369,14.268,05h35m28.56s,-14d35m49.89s
119,TIC 4672985 b,TIC 4672985,Transit,2024,69.048,11.5,4049.13391,517,5757,1.01,1.15,253.385,11.501,02h33m52.96s,-10d39m26.58s
120,TOI-1052 b,TOI-1052,Transit,2023,9.139703,2.87,16.9,1135,6146,1.2,1.26,129.804,9.511,22h30m02.47s,-75d38m47.62s
121,TOI-1062 b,TOI-1062,Transit,2021,4.11296,2.265,10.15,1077,5328,0.94,0.84,82.1733,10.249,02h32m29.03s,-78d01m25.26s
122,TOI-1064 b,TOI-1064,Transit,2022,6.443868,2.587,13.5,784,4734,0.75,0.73,68.0726,10.938,19h44m00.94s,-47d33m43.31s
123,TOI-1064 c,TOI-1064,Transit,2022,12.226574,2.651,2.5,634,4734,0.75,0.73,68.0726,10.938,19h44m00.94s,-47d33m43.31s
124,TOI-1075 b,TOI-1075,Transit,2022,0.6047328,1.791,9.95,1323,3875,0.6,0.58,61.4592,12.615,20h39m53.09s,-65d26m58.92s
125,TOI-1107 b,TOI-1107,Transit,2022,4.0782387,14.572,1064.72516,1728,6311,1.35,1.81,281.314,10.553,10h22m25.89s,-82d13m07.93s
126,TOI-1130 b,TOI-1130,Transit,2020,4.074554,3.66,19.8,825,4360,0.74,0.7,58.2609,11.595,19h05m30.24s,-41d26m15.50s
127,TOI-1130 c,TOI-1130,Transit,2020,8.3501898,13,336,650,4360,0.74,0.7,58.2609,11.595,19h05m30.24s,-41d26m15.50s
128,TOI-1135 b,TOI-1135,Transit,2024,8.0277283,9.341,,1074,5962.7,1.16,1.15,114.048,9.54,12h53m35.13s,+85d07m46.18s
129,TOI-1136 b,TOI-1136,Transit,2022,4.1727,,3.5,1216,5770,1.02,0.97,84.5362,9.534,12h48m44.38s,+64d51m18.99s
130,TOI-1136 c,TOI-1136,Transit,2022,6.2574,,6.32,1062,5770,1.02,0.97,84.5362,9.534,12h48m44.38s,+64d51m18.99s
131,TOI-1136 d,TOI-1136,Transit,2022,12.5199,,8.35,843,5770,1.02,0.97,84.5362,9.534,12h48m44.38s,+64d51m18.99s
132,TOI-1136 e,TOI-1136,Transit,2022,18.801,,6.07,737,5770,1.02,0.97,84.5362,9.534,12h48m44.38s,+64d51m18.99s
133,TOI-1136 f,TOI-1136,Transit,2022,26.321,,9.7,658,5770,1.02,0.97,84.5362,9.534,12h48m44.38s,+64d51m18.99s
134,TOI-1136 g,TOI-1136,Transit,2022,39.545,,5.6,574,5770,1.02,0.97,84.5362,9.534,12h48m44.38s,+64d51m18.99s
135,TOI-1173 b,TOI-1173,Transit,2024,7.06466,9.19,27.4,868,5350,0.91,0.93,132.353,11.038,13h10m43.94s,+70d46m04.84s
136,TOI-1174 b,TOI-1174,Transit,2024,8.953458,2.506,32,714,5158,0.84,0.78,94.6375,10.964,13h56m52.12s,+68d37m05.56s
137,TOI-1180 b,TOI-1180,Transit,2024,9.686753,3.036,10,638,4804,0.78,0.74,72.0238,11.017,14h18m13.39s,+82d11m37.55s
138,TOI-1181 b,TOI-1181,Transit,2022,2.103189,17.026,374.71969,,6054,1.47,1.96,302.819,10.582,19h48m51.80s,+64d21m15.66s
139,TOI-1184 b,TOI-1184,Transit,2024,5.748432,2.41,6.8,715,4617,0.73,0.7,58.5946,10.988,18h08m49.08s,+60d40m43.62s
140,TOI-1194 b,TOI-1194,Transit,2023,2.3106446,8.717,120,1264,5394,0.98,0.96,149.667,11.302,11h11m17.16s,+69d57m53.19s
141,TOI-1199 b,TOI-1199,Transit,2024,3.671463,10.514,75.96099,1486,5710,1.23,1.45,248.427,11.093,11h07m31.36s,+61d21m09.26s
142,TOI-1201 b,TOI-1201,Transit,2021,2.4919863,2.415,6.28,703,3476,0.51,0.51,37.8871,12.26,02h48m59.45s,-14d32m14.22s
143,TOI-122 b,TOI-122,Transit,2020,5.07803,2.72,,471,3403,0.31,0.33,62.118,15.526,22h11m47.58s,-58d56m45.91s
144,TOI-1221 b,TOI-1221,Transit,2023,91.68278,2.91,1112.39942,440,5592,0.93,1.03,138.411,10.494,07h11m41.05s,-65d30m31.88s
145,TOI-1224 b,TOI-1224,Transit,2024,4.1782745,2.104,,541,3326,0.4,0.4,37.3312,13.95,02h28m47.48s,-80d53m56.78s
146,TOI-1224 c,TOI-1224,Transit,2024,17.945466,2.884,,,3326,0.4,0.4,37.3312,13.95,02h28m47.48s,-80d53m56.78s
147,TOI-1227 b,TOI-1227,Transit,2022,27.36397,9.572,,,3072,0.17,0.56,100.641,16.999,12h27m04.17s,-72d27m06.66s
148,TOI-1231 b,TOI-1231,Transit,2021,24.245586,3.65,15.4,330,3553,0.48,0.48,27.6227,12.36,10h26m59.34s,-52d28m04.34s
149,TOI-1235 b,TOI-1235,Transit,2020,3.444714,1.69,6.69,,3997,0.63,0.62,39.6345,11.495,10h08m52.38s,+69d16m35.83s
150,TOI-1244 b,TOI-1244,Transit,2024,6.4003,2.376,6.6,715,4722,0.75,0.72,102.551,11.929,17h05m07.09s,+69d31m08.73s
151,TOI-1246 b,TOI-1246,Transit,2022,4.30744,3.01,8.1,955,5151,0.87,0.86,169.422,11.632,16h44m27.81s,+70d25m47.97s
152,TOI-1246 c,TOI-1246,Transit,2022,5.904137,2.451,9.1,862,5213,0.89,0.86,169.422,11.632,16h44m27.81s,+70d25m47.97s
153,TOI-1246 d,TOI-1246,Transit,2022,18.654874,3.431,5.4,588,5213,0.89,0.86,169.422,11.632,16h44m27.81s,+70d25m47.97s
154,TOI-1246 e,TOI-1246,Transit,2022,37.92548,3.514,14.5,464,5213,0.89,0.86,169.422,11.632,16h44m27.81s,+70d25m47.97s
155,TOI-1248 b,TOI-1248,Transit,2024,4.3601561,6.808,27.4,952,5205,0.9,0.87,168.735,11.806,17h16m05.66s,+63d06m20.19s
156,TOI-1249 b,TOI-1249,Transit,2024,13.079151,3.271,11.9,727,5497,1.01,0.98,139.49,11.089,13h22m14.78s,+66d18m30.72s
157,TOI-125 b,TOI-125,Transit,2019,4.65382,2.726,9.5,1037,5320,0.86,0.85,111.059,11.023,01h34m22.42s,-66d40m34.86s
158,TOI-125 c,TOI-125,Transit,2019,9.15059,2.759,6.63,828,5320,0.86,0.85,111.059,11.023,01h34m22.42s,-66d40m34.86s
159,TOI-125 d,TOI-125,Transit,2020,19.98,2.93,13.6,638,5320,0.86,0.85,111.059,11.023,01h34m22.42s,-66d40m34.86s
160,TOI-1259 A b,TOI-1259 A,Transit,2021,3.477978,11.456,140.16233,963,4775,0.74,0.71,118.106,12.079,18h48m24.04s,+79d15m23.31s
161,TOI-1260 b,TOI-1260,Transit,2021,3.127463,2.41,8.56,871,4227,0.68,0.67,73.5977,11.922,10h28m34.58s,+65d51m15.11s
162,TOI-1260 c,TOI-1260,Transit,2021,7.493134,2.76,13.2,651,4227,0.68,0.67,73.5977,11.922,10h28m34.58s,+65d51m15.11s
163,TOI-1260 d,TOI-1260,Transit,2022,16.608164,3.12,11.84,499,4227,0.68,0.67,73.5977,11.922,10h28m34.58s,+65d51m15.11s
164,TOI-1266 b,TOI-1266,Transit,2020,10.894841,2.62,4.23,425,3618,0.43,0.44,36.0118,12.941,13h11m59.18s,+65d50m01.31s
165,TOI-1266 c,TOI-1266,Transit,2020,18.801611,2.13,2.88,354,3618,0.43,0.44,36.0118,12.941,13h11m59.18s,+65d50m01.31s
166,TOI-1268 b,TOI-1268,Transit,2022,8.1577094,9.1,96.4,919,5300,0.96,0.92,109.557,10.92,13h13m33.26s,+62d18m19.37s
167,TOI-1269 b,TOI-1269,Transit,2024,4.2529913,2.401,6.4,1005,5499,0.9,0.85,172.138,11.618,16h38m47.19s,+64d33m33.05s
168,TOI-1272 b,TOI-1272,Transit,2022,3.31599,4.132,27,975,5065,0.88,0.79,137.572,11.758,13h16m47.09s,+49d51m39.81s
169,TOI-1273 b,TOI-1273,Transit,2024,4.631296,11.097,70.55791,1211,5690,1.06,1.06,177.118,10.98,14h16m29.01s,+58d23m24.91s
170,TOI-1278 b,TOI-1278,Transit,2021,14.47567,12.218,5879.82553,,3799,0.54,0.57,75.5759,13.502,21h21m54.83s,+35d38m55.05s
171,TOI-1279 b,TOI-1279,Transit,2024,9.61419,2.661,10.6,759,5457,0.88,0.84,107.055,10.714,12h20m15.09s,+56d12m05.07s
172,TOI-128.01,TOI-128,Transit,2024,4.9404681,2.219,,1345,6086,0.85,1.13,68.4727,8.44,05h18m05.03s,-80d57m51.78s
173,TOI-1288 b,TOI-1288,Transit,2022,2.6998279,4.968,44.1,1203,5388,0.96,0.96,114.865,10.445,20h52m40.09s,+65d36m31.62s
174,TOI-1294 b,TOI-1294,Transit,2024,3.915292,10.124,63.9,1393,5718,1.16,1.56,332.648,11.314,14h52m22.23s,+70d28m35.61s
175,TOI-1296 b,TOI-1296,Transit,2021,3.9443736,14.116,95.3,1415,5567,1.16,1.7,323.265,11.37,17h07m04.95s,+70d14m18.53s
176,TOI-1298 b,TOI-1298,Transit,2021,4.537143,9.658,99,1278,5752,1.22,1.45,319.036,11.889,16h05m17.50s,+70d11m24.14s
177,TOI-132 b,TOI-132,Transit,2020,2.1097019,3.42,22.4,1395,5397,0.97,0.9,163.678,11.197,22h33m35.92s,-43d26m12.74s
178,TOI-1333 b,TOI-1333,Transit,2021,4.720219,15.648,753.2571,1679,6274,1.46,1.93,200.492,9.438,21h40m03.49s,+48d24m24.36s
179,TOI-1338 b,TOI-1338 A,Transit,2020,95.4001,7.661,11.3,,,1.09,1.31,399.017,11.722,06h08m31.94s,-59d32m27.55s
180,TOI-1347 b,TOI-1347,Transit,2024,0.84742346,1.8,11.1,1400,5464,0.91,0.83,147.476,11.168,18h41m18.40s,+70d17m24.19s
181,TOI-1347 c,TOI-1347,Transit,2024,4.841962,1.6,6.4,1000,5464,0.91,0.83,147.476,11.168,18h41m18.40s,+70d17m24.19s
182,TOI-1386 b,TOI-1386,Transit,2024,25.8401,6.216,45.8,615,5735,1.04,1.02,146.858,10.61,22h18m00.98s,+54d19m08.56s
183,TOI-139 b,TOI-139,Transit,2023,11.07085,2.457,,561,4570,0.69,0.7,42.4061,10.55,22h25m36.58s,-34d54m34.97s
184,TOI-1408 b,TOI-1408,Transit,2023,4.42587,25,593,,6117,1.31,1.53,139.484,9.270001,20h54m02.65s,+72d34m50.32s
185,TOI-1408 c,TOI-1408,Transit Timing Variations,2024,2.1664,2.22,7.6,,6117,1.31,1.53,139.484,9.270001,20h54m02.65s,+72d34m50.32s
186,TOI-1410.01,TOI-1410,Transit,2024,1.21687,3.101,12.5,1237,4635,0.79,0.76,72.7512,11.111,22h19m31.88s,+42d33m37.13s
187,TOI-1411 b,TOI-1411,Transit,2022,1.4520527,1.199,2,976,4115,0.6,0.61,32.4778,10.51,15h31m47.05s,+47d03m19.98s
188,TOI-1416 b,TOI-1416,Transit,2023,1.0697568,1.62,3.48,1517,4884,0.8,0.79,55.0135,9.91,14h27m41.64s,+41d57m10.75s
189,TOI-1420 b,TOI-1420,Transit,2023,6.9561063,11.89,25.1,957,5510,0.99,0.92,201.918,11.655,21h31m46.03s,+66d20m56.42s
190,TOI-1422 b,TOI-1422,Transit,2022,12.9972,3.96,9,867,5840,0.98,1.02,155.141,10.622,23h36m57.80s,+39d38m21.41s
191,TOI-1431 b,TOI-1431,Transit,2021,2.650237,16.701,991.62463,2370,7690,1.9,1.92,148.925,8.03,21h04m48.89s,+55d35m16.88s
192,TOI-1437 b,TOI-1437,Transit,2024,18.840942,2.24,9.6,,6008,1.1,1.17,103.297,9.173,17h04m33.30s,+56d50m33.18s
193,TOI-1439 b,TOI-1439,Transit,2024,27.644,4.243,38.5,748,5841,1.23,1.62,230.306,10.55,16h07m03.34s,+67d52m39.51s
194,TOI-1442 b,TOI-1442,Transit,2022,0.4090677,1.17,,1072,3330,0.29,0.31,41.1659,15.39,19h09m10.10s,+74d10m27.39s
195,TOI-1443 b,TOI-1443,Transit,2024,23.540678,2.304,30,521,5224,0.77,0.75,85.8034,10.675,19h49m35.68s,+76d08m21.04s
196,TOI-1444 b,TOI-1444,Transit,2021,0.4702743,1.418,3.58,2130,5460,0.95,0.91,125.463,10.936,20h21m53.98s,+70d56m37.34s
197,TOI-1448 b,TOI-1448,Transit,2024,8.112245,2.749,19.5,426,3412,0.37,0.38,73.3345,15.678,21h05m17.76s,+57d46m15.94s
198,TOI-1450 A b,TOI-1450 A,Transit,2024,2.0439274,1.13,1.258,722,3437,0.48,0.48,22.4467,12.28,19h07m24.98s,+59d05m11.85s
199,TOI-1451 b,TOI-1451,Transit,2024,16.537944,2.611,15.2,723,5801,1,1.02,91.9362,9.584,12h26m05.83s,+61d15m32.14s
200,TOI-1452 b,TOI-1452,Transit,2022,11.06201,1.672,4.82,326,3185,0.25,0.28,30.5212,14.354,19h20m41.75s,+73d11m42.39s
201,TOI-1467 b,TOI-1467,Transit,2024,5.97199,1.676,9,506,3776,0.45,0.46,37.4418,12.293,01h16m27.51s,+49d13m59.30s
202,TOI-1468 b,TOI-1468,Transit,2022,1.8805136,1.28,3.21,682,3496,0.34,0.34,24.7399,12.5,01h06m36.93s,+19d13m29.71s
203,TOI-1468 c,TOI-1468,Transit,2022,15.532482,2.064,6.64,338,3496,0.34,0.34,24.7399,12.5,01h06m36.93s,+19d13m29.71s
204,TOI-1470 b,TOI-1470,Transit,2023,2.527093,2.18,7.32,734,3709,0.47,0.47,51.9503,13.459,00h40m21.39s,+61d12m48.19s
205,TOI-1470 c,TOI-1470,Transit,2023,18.08816,2.47,7.24,373,3709,0.47,0.47,51.9503,13.459,00h40m21.39s,+61d12m48.19s
206,TOI-1472 b,TOI-1472,Transit,2024,6.36381,4.16,16.5,811,5133,0.92,0.84,121.84,11.302,00h56m27.42s,+48d38m15.06s
207,TOI-1478 b,TOI-1478,Transit,2021,10.180249,11.882,270.47333,918,5597,0.95,1.05,152.892,10.723,08h25m44.10s,-13d33m34.37s
208,TOI-150.01,TOI-150,Transit,2019,5.857487,14.067,797.7533,1404,6255,1.35,1.53,336.267,11.39,07h31m51.70s,-73d36m21.73s
209,TOI-1516 b,TOI-1516,Transit,2022,2.056014,15.244,1004.33777,,6520,1.14,1.14,247.054,10.858,22h40m20.31s,+69d30m13.43s
210,TOI-157 b,TOI-157,Transit,2020,2.0845435,14.415,375.0394,1588,5404,0.95,1.17,355.683,12.725,04h54m48.35s,-76d40m50.18s
211,TOI-1601 b,TOI-1601,Transit,2021,5.33175,14.199,387,1494,5982,1.51,2.19,336.608,10.66,02h33m26.78s,+41d00m48.36s
212,TOI-163 b,TOI-163,Transit,2019,4.231306,16.69,387.7526,1669,6495,1.44,1.65,411.719,11.467,05h19m04.38s,-71d53m43.90s
213,TOI-1634 b,TOI-1634,Transit,2021,0.9893455,1.773,7.57,,3472,0.45,0.45,35.2736,13.217,03h45m33.75s,+37d06m44.21s
214,TOI-1669 c,TOI-1669,Transit,2024,2.6800535,2.296,13,1285,5497,0.99,1.06,111.276,10.218,03h03m49.55s,+83d35m14.74s
215,TOI-1670 b,TOI-1670,Transit,2022,10.98462,2.06,41.31769,1062,6170,1.21,1.32,168.067,9.889,17h16m04.14s,+72d09m40.25s
216,TOI-1670 c,TOI-1670,Transit,2022,40.74976,11.063,200.2319,684,6170,1.21,1.32,168.067,9.889,17h16m04.14s,+72d09m40.25s
217,TOI-1680 b,TOI-1680,Transit,2023,4.8026345,1.466,,404,3225,0.18,0.21,37.2209,15.87,19h29m15.35s,+65d58m25.69s
218,TOI-1683.01,TOI-1683,Transit,2024,3.0575356,2.638,,929,4402,0.69,0.7,51.1884,10.97,04h23m55.12s,+27d49m20.53s
219,TOI-1685 b,TOI-1685,Transit,2021,0.66913924,1.468,3.03,1062,3575,0.45,0.46,37.6153,13.378,04h34m22.55s,+43d02m13.34s
220,TOI-169 b,TOI-169,Transit,2020,2.2554477,12.173,251.40353,1715,5880,1.15,1.29,407.84,12.355,01h07m06.89s,-75d11m56.20s
221,TOI-1691 b,TOI-1691,Transit,2024,16.7369,3.565,14.6,703,5642,0.96,1.01,111.445,10.134,18h09m36.99s,+86d51m37.23s
222,TOI-1693 b,TOI-1693,Transit,2022,1.7666957,1.41,,764,3499,0.49,0.46,30.7947,12.962,06h01m14.00s,+34d46m23.13s
223,TOI-1694 b,TOI-1694,Transit,2023,3.770107,5.342,31.3,943,5058,0.85,0.8,124.68,11.446,06h30m59.69s,+66d21m38.14s
224,TOI-1695 b,TOI-1695,Transit,2022,3.1342791,1.9,6.36,698,3690,0.51,0.52,45.1309,12.989,01h27m41.22s,+72d17m47.81s
225,TOI-1696 b,TOI-1696,Transit,2022,2.500311,3.09,48.8,489,3185,0.26,0.28,64.9172,16.82,04h21m07.36s,+48d49m11.39s
226,TOI-1710 b,TOI-1710,Transit,2022,24.283377,5.203,22.4,603,5684,1.03,0.96,81.2271,9.545,06h17m08.12s,+76d12m39.67s
227,TOI-172 b,TOI-172,Transit,2019,9.47725,10.817,1722.6386,1198,5645,1.13,1.78,342.831,11.299,21h06m31.65s,-26d41m34.32s
228,TOI-1723 b,TOI-1723,Transit,2024,13.72641,3.292,10.4,783,5743,1.04,1.09,100.727,9.664,07h47m11.33s,+68d28m36.06s
229,TOI-1728 b,TOI-1728,Transit,2020,3.49151,5.05,26.78,767,3980,0.65,0.62,60.798,12.39,08h02m26.80s,+64d47m49.75s
230,TOI-1736 b,TOI-1736,Transit,2023,7.073076,3.182,12.3,1100,5636,1.04,1.43,88.9482,8.953,02h53m44.27s,+69d06m04.84s
231,TOI-1739 b,TOI-1739,Transit,2024,8.303342,1.695,,756,4922,0.79,0.75,70.9819,10.692,16h00m41.40s,+83d15m31.17s
232,TOI-1742 b,TOI-1742,Transit,2024,21.269084,2.365,9.7,694,5815,1.09,1.13,72.8871,8.863,17h09m18.93s,+71d52m36.02s
233,TOI-1749 b,TOI-1749,Transit,2021,2.38839,1.39,57,831,3985,0.58,0.55,99.5561,13.86,18h50m56.93s,+64d25m10.08s
234,TOI-1749 c,TOI-1749,Transit,2021,4.4929,2.12,14,673,3985,0.58,0.55,99.5561,13.86,18h50m56.93s,+64d25m10.08s
235,TOI-1749 d,TOI-1749,Transit,2021,9.0497,2.52,15,533,3985,0.58,0.55,99.5561,13.86,18h50m56.93s,+64d25m10.08s
236,TOI-1751 b,TOI-1751,Transit,2024,37.46852,2.951,19.5,652,5970,0.94,1.31,113.335,9.327,16h13m57.32s,+63d32m00.71s
237,TOI-1753 b,TOI-1753,Transit,2024,5.3846104,2.479,16.6,1005,5621,0.95,0.97,226.671,11.831,16h49m52.76s,+61d10m24.88s
238,TOI-1758 b,TOI-1758,Transit,2024,20.705127,3.557,6.9,551,5151,0.83,0.82,96.6215,10.794,23h38m57.98s,+75d41m06.83s
239,TOI-1759 b,TOI-1759,Transit,2022,18.85019,3.14,10.8,443,4065,0.61,0.6,40.0654,11.93,21h47m24.40s,+62d45m13.74s
240,TOI-1775 b,TOI-1775,Transit,2024,10.2405549,8.047,96,708,5284,0.92,0.83,149.234,11.648,10h00m27.62s,+39d27m27.90s
241,TOI-1776 b,TOI-1776,Transit,2024,2.799868,1.216,1.4,1269,5785,0.92,0.94,44.647,8.26,10h59m06.55s,+40d59m01.39s
242,TOI-178 b,TOI-178,Transit,2021,1.914558,1.152,1.5,1040,4316,0.65,0.65,62.699,11.955,00h29m12.48s,-30d27m14.82s
243,TOI-178 c,TOI-178,Transit,2021,3.23845,1.669,4.77,873,4316,0.65,0.65,62.699,11.955,00h29m12.48s,-30d27m14.82s
244,TOI-178 d,TOI-178,Transit,2021,6.5577,2.572,3.01,690,4316,0.65,0.65,62.699,11.955,00h29m12.48s,-30d27m14.82s
245,TOI-178 e,TOI-178,Transit,2021,9.961881,2.207,3.86,600,4316,0.65,0.65,62.699,11.955,00h29m12.48s,-30d27m14.82s
246,TOI-178 g,TOI-178,Transit,2021,20.7095,2.87,3.94,470,4316,0.65,0.65,62.699,11.955,00h29m12.48s,-30d27m14.82s
247,TOI-1789 b,TOI-1789,Transit,2021,3.208664,16.141,222.47988,1927,5991,1.51,2.17,229.067,9.721,09h30m58.42s,+26d32m23.98s
248,TOI-1794 b,TOI-1794,Transit,2024,8.765528,3.297,8.7,993,5631,0.97,1.32,155.791,10.32,13h33m35.40s,+49d03m39.04s
249,TOI-1798.01,TOI-1798,Transit,2024,8.02154,2.385,6.5,734,5106,0.85,0.79,113.181,11.361,14h04m22.54s,+46d31m09.42s
250,TOI-1798.02,TOI-1798,Transit,2024,0.4378146,1.399,5.6,1936,5106,0.85,0.79,113.181,11.361,14h04m22.54s,+46d31m09.42s
251,TOI-1799 b,TOI-1799,Transit,2024,7.085738,1.422,4,923,5698,0.94,0.95,62.1274,8.98,11h08m55.90s,+34d18m10.85s
252,TOI-1801 b,TOI-1801,Transit,2023,10.64387,2.079,5.738,494,3863,0.56,0.55,30.6796,11.58,11h42m18.14s,+23d01m37.32s
253,TOI-1806.01,TOI-1806,Transit,2024,15.1454693,3.41,,337,3272,0.39,0.4,55.5211,15.193,11h04m28.36s,+30d27m30.87s
254,TOI-1807 b,TOI-1807,Transit,2021,0.54937097,1.497,2.44,1694,4914,0.8,0.75,42.5775,10,13h25m07.83s,+38d55m20.52s
255,TOI-181 b,TOI-181,Transit,2023,4.532,6.956,46.1687,895,4994,0.82,0.74,96.2338,11.191,23h28m41.41s,-34d29m29.08s
256,TOI-1811 b,TOI-1811,Transit,2023,3.7130765,11.142,308.92921,962,4766,0.82,0.77,128.23,11.966,12h35m41.37s,+27d12m51.76s
257,TOI-1820 b,TOI-1820,Transit,2022,4.860674,12.778,731.00534,1375,5734,1.04,1.51,248.504,10.899,12h30m44.81s,+27d27m07.21s
258,TOI-1823 b,TOI-1823,Transit,2024,38.8,7.541,67.4,424,4927,0.84,0.8,71.6456,10.728,13h04m52.73s,+63d45m11.74s
259,TOI-1824 b,TOI-1824,Transit,2024,22.808533,2.744,16,529,5165,0.88,0.81,59.4314,9.721,13h10m55.49s,+61d44m41.46s
260,TOI-1836 b,TOI-1836,Transit,2024,20.380845,8.281,24.7,890,6237,1.25,1.65,191.649,9.765,16h23m37.90s,+54d41m24.28s
261,TOI-1836 c,TOI-1836,Transit,2024,1.7727471,2.6,8,2008,6237,1.25,1.65,191.649,9.765,16h23m37.90s,+54d41m24.28s
262,TOI-1842 b,TOI-1842,Transit,2021,9.5739181,12.349,89.4,1200,6039,1.46,2.03,223.465,9.815,13h27m51.04s,+09d01m50.32s
263,TOI-1853 b,TOI-1853,Transit,2023,1.2436258,3.46,73.2,1479,4985,0.84,0.81,165.105,12.178,14h05m50.24s,+16d59m32.53s
264,TOI-1855 b,TOI-1855,Transit,2024,1.36414864,18.495,360.09959,1701,5359,0.99,1.04,176.833,11.197,13h41m24.95s,+17d41m12.74s
265,TOI-1859 b,TOI-1859,Transit,2023,63.48347,9.752,,,6341,1.29,1.36,224.385,10.33,18h39m19.62s,+69d31m22.34s
266,TOI-1860 b,TOI-1860,Transit,2022,1.0662107,1.31,,1885,5752,0.99,0.94,45.864,8.4,15h05m49.62s,+64d02m51.66s
267,TOI-1898 b,TOI-1898,Transit,2024,45.52234,9.396,129,675,6241,1.25,1.61,79.6682,7.87,09h38m13.27s,+23d32m48.29s
268,TOI-1899 b,TOI-1899,Transit,2020,29.090312,11.097,212.94503,378,3926,0.63,0.61,128.438,14.88,19h57m42.44s,+40d08m36.05s
269,TOI-1937 A b,TOI-1937 A,Transit,2023,0.94667944,13.978,638.8351,2097,5814,1.07,1.08,415.135,13.18,07h45m28.97s,-52d22m59.73s
270,TOI-198 b,TOI-198,Transit,2023,10.2152,1.44,,368,3650,0.47,0.44,23.7262,11.688,00h09m05.16s,-27d07m18.28s
271,TOI-199 b,TOI-199,Transit,2023,104.854,9.079,54.03083,,5255,0.94,0.82,102.27,10.701,05h20m25.41s,-59d53m43.56s
272,TOI-1994 b,TOI-1994,Transit,2024,4.0337142,13.675,7024.00779,2290,7700,1.86,2.3,515.603,10.514,09h48m41.90s,-51d45m23.63s
273,TOI-2000 b,TOI-2000,Transit,2023,3.09833,2.7,11,1488,5611,1.08,1.13,175.713,10.984,09h45m35.30s,-66d41m11.87s
274,TOI-2000 c,TOI-2000,Transit,2023,9.127055,8.14,81.7,1038,5611,1.08,1.13,175.713,10.984,09h45m35.30s,-66d41m11.87s
275,TOI-201 b,TOI-201,Transit,2021,52.97818,11.299,133.4886,759,6394,1.32,1.32,113.825,9.07,05h49m36.43s,-54d54m37.52s
276,TOI-2010 b,TOI-2010,Transit,2023,141.834025,11.814,408.72733,400,5929,1.11,1.08,109.19,9.849,19h28m40.07s,+53d29m14.53s
277,TOI-2015 b,TOI-2015,Transit,2023,3.348968,3.39,16.4,512,3194,0.34,0.33,47.3444,16.11,15h28m31.84s,+27d21m39.86s
278,TOI-2018 b,TOI-2018,Transit,2023,7.435583,2.268,9.2,,4174,0.57,0.62,27.9956,10.25,15h19m20.99s,+29d12m28.36s
279,TOI-2019 b,TOI-2019,Transit,2024,15.3444,5.333,34.4,917,5626,1.18,1.75,198.007,10.263,15h37m43.62s,+48d57m18.74s
280,TOI-2025 b,TOI-2025,Transit,2022,8.8720982,11.893,1144.18227,1166,5977,1.2,1.46,335.985,11.599,18h51m10.86s,+82d14m43.49s
281,TOI-2046 b,TOI-2046,Transit,2022,1.4971842,16.141,731.00534,,6250,1.13,1.21,289.668,11.552,01h04m44.39s,+74d19m52.70s
282,TOI-2048 b,TOI-2048,Transit,2022,13.79019,2.61,,,5185,0.83,0.79,116.567,11.431,15h51m41.79s,+52d18m22.71s
283,TOI-206 b,TOI-206,Transit,2022,0.7363104,1.3,,910,3383,0.35,0.35,47.7465,14.938,04h54m57.17s,-62d31m18.75s
284,TOI-2068 b,TOI-2068,Transit,2024,7.768915,1.821,,521,3710,0.56,0.54,52.9328,13.007,12h25m05.65s,+60d25m06.04s
285,TOI-2076 b,TOI-2076,Transit,2021,10.355096,2.771,16.1,688,5192,0.86,0.8,41.9091,9.139,14h29m34.08s,+39d47m25.44s
286,TOI-2076 c,TOI-2076,Transit,2021,21.015327,3.694,55,543,5192,0.86,0.8,41.9091,9.139,14h29m34.08s,+39d47m25.44s
287,TOI-2076 d,TOI-2076,Transit,2021,35.125686,3.431,29,458,5192,0.86,0.8,41.9091,9.139,14h29m34.08s,+39d47m25.44s
288,TOI-2081 b,TOI-2081,Transit,2022,10.50534,2.04,,488,3800,0.54,0.53,62.3446,13.369,17h37m12.54s,+53d01m32.04s
289,TOI-2084 b,TOI-2084,Transit,2023,6.0784247,2.47,,527,3551,0.45,0.47,114.549,15.115,17h17m01.09s,+72d44m49.28s
290,TOI-2088 b,TOI-2088,Transit,2024,124.72997,3.683,37,300,5081,0.9,0.85,126.46,11.638,17h25m29.97s,+75d52m56.21s
291,TOI-2095 b,TOI-2095,Transit,2023,17.66484,1.25,4.1,347,3759,0.44,0.44,41.9176,13.19,19h02m32.77s,+75d25m06.65s
292,TOI-2095 c,TOI-2095,Transit,2023,28.17232,1.33,7.4,297,3759,0.44,0.44,41.9176,13.19,19h02m32.77s,+75d25m06.65s
293,TOI-2096 b,TOI-2096,Transit,2023,3.1190633,1.243,,445,3300,0.23,0.23,48.4809,15.92,10h06m28.49s,+74d49m37.96s
294,TOI-2096 c,TOI-2096,Transit,2023,6.38784,1.914,,349,3300,0.23,0.23,48.4809,15.92,10h06m28.49s,+74d49m37.96s
295,TOI-2107 b,TOI-2107,Transit,2024,2.4545467,13.574,263.79758,1397,5627,0.96,0.93,236.705,12.0363,19h07m11.17s,-58d41m48.61s
296,TOI-2109 b,TOI-2109,Transit,2021,0.67247414,15.098,1595.4986,3646,6540,1.45,1.7,262.041,10.217,16h52m44.71s,+16d34m47.70s
297,TOI-2120 b,TOI-2120,Transit,2024,5.7998164,2.122,6.8,384,3131,0.21,0.24,32.1755,15.648,01h34m01.76s,+65d30m50.36s
298,TOI-2128 b,TOI-2128,Transit,2024,16.34136,2.089,4.5,781,5968,1.03,1.12,36.578,7.22142,17h07m55.63s,+32d06m19.09s
299,TOI-2134 b,TOI-2134,Transit,2023,9.2292005,2.69,9.13,666,4580,0.74,0.71,22.6202,8.933,18h07m44.52s,+39d04m22.54s
300,TOI-2134 c,TOI-2134,Transit,2023,95.5,7.27,41.89,306,4580,0.74,0.71,22.6202,8.933,18h07m44.52s,+39d04m22.54s
301,TOI-2136 b,TOI-2136,Transit,2022,7.851928,2.19,6.37,395,3342,0.34,0.34,33.3631,14.32,18h44m42.32s,+36d33m47.27s
302,TOI-2141 b,TOI-2141,Transit,2023,18.26157,3.05,24,722,5659,0.94,0.98,77.682,9.46,17h15m02.96s,+18d20m25.24s
303,TOI-2145 b,TOI-2145,Transit,2023,10.261127,12.419,1767,1363,6200,1.72,2.75,224.731,9.07,17h35m01.94s,+40d41m42.15s
304,TOI-2152 A b,TOI-2152,Transit,2023,3.3773512,14.359,899.45439,1802,6630,1.52,1.61,303.006,11.436,01h45m21.35s,+77d47m24.44s
305,TOI-2154 b,TOI-2154,Transit,2023,3.8240801,16.287,292.40213,1580,6280,1.23,1.4,296.46,11.068,04h44m06.76s,+84d21m51.35s
306,TOI-2158 b,TOI-2158,Transit,2022,8.60077,10.761,260.61929,1188,5673,1.12,1.41,198.473,10.887,18h27m14.41s,+20d31m36.79s
307,TOI-216.01,TOI-216,Transit,2019,34.525528,10.1,177.98391,,,0.77,0.75,177.945,12.324,04h55m55.20s,-63d15m37.19s
308,TOI-216.02,TOI-216,Transit,2019,17.16073,8,18.75188,,,0.77,0.75,177.945,12.324,04h55m55.20s,-63d15m37.19s
309,TOI-2180 b,TOI-2180,Transit,2022,260.79,11.321,875.61726,348,5695,1.11,1.64,116.685,9.162,18h31m46.47s,+56d39m02.44s
310,TOI-2184 b,TOI-2184,Transit,2022,6.90683,11.4,206.58846,,5966,1.53,2.9,788.317,12.254,06h43m19.95s,-66d56m51.56s
311,TOI-2193 A b,TOI-2193 A,Transit,2022,2.1225735,19.84,298.7587,1763,5966,1.08,1.25,337.064,11.976,20h54m45.90s,-72d48m16.71s
312,TOI-2194 b,TOI-2194,Transit,2023,15.337597,1.989,,591,4756,0.74,0.69,19.5711,8.42,19h56m37.52s,-31d20m06.65s
313,TOI-2196 b,TOI-2196,Transit,2022,1.1947268,3.51,26,1860,5634,1.03,1.04,259.947,12.297,20h49m21.62s,-70d29m06.26s
314,TOI-220 b,TOI-220,Transit,2021,10.695264,3.03,13.8,805,5298,0.82,0.86,90.7402,10.466,06h07m11.93s,-61d59m49.96s
315,TOI-2202 b,TOI-2202,Transit,2021,11.9101,11.321,310.83618,,5144,0.82,0.79,235.933,13.004,03h24m54.82s,-73d57m27.16s
316,TOI-2207 b,TOI-2207,Transit,2022,8.001968,11.153,203.41018,1259,6101,1.3,1.56,373.345,11.316,20h30m23.21s,-44d53m15.43s
317,TOI-2236 b,TOI-2236,Transit,2022,3.5315902,14.37,502.16888,1688,6248,1.34,1.57,355.59,11.6,01h20m39.84s,-86d58m47.87s
318,TOI-2257 b,TOI-2257,Transit,2021,35.189346,2.194,,256,3430,0.33,0.31,57.7911,15.211,12h58m57.51s,+77d39m42.18s
319,TOI-2260 b,TOI-2260,Transit,2022,0.3524728,1.62,,2609,5534,0.99,0.94,101.251,10.474,16h30m40.08s,+49d02m48.44s
320,TOI-2266 b,TOI-2266,Transit,2024,2.326318,1.54,,550,3200,0.23,0.24,51.6004,16.54,16h21m07.21s,+31d34m37.35s
321,TOI-2285 b,TOI-2285,Transit,2021,27.26955,1.74,19.5,284,3491,0.45,0.46,42.409,13.403,22h10m15.18s,+58d42m21.94s
322,TOI-2337 b,TOI-2337,Transit,2022,2.99432,10.088,508.52545,,4780,1.32,3.22,536.046,12.524,19h22m28.77s,+60d51m14.05s
323,TOI-2338 b,TOI-2338,Transit,2023,22.65398,11.209,1900.61387,799,5581,0.99,1.05,313.996,12.483,05h25m22.70s,-34d40m05.70s
324,TOI-2364 b,TOI-2364,Transit,2023,4.0197517,8.608,71.51139,1091,5306,0.95,0.89,219.614,12.234,05h56m31.21s,-05d00m43.31s
325,TOI-2368 b,TOI-2368,Transit,2024,5.1750073,10.839,206.58846,1000,5360,0.9,0.85,210.915,12.486,08h59m49.83s,-48d29m18.57s
326,TOI-237 b,TOI-237,Transit,2020,5.436098,1.44,,388,3212,0.18,0.21,38.0749,16.37,23h32m58.45s,-29d24m59.35s
327,TOI-2373 b,TOI-2373,Transit,2023,13.33668,10.424,2955.80419,860,5651,1.04,1.1,508.686,13.251,04h06m44.69s,-16d45m20.72s
328,TOI-2374 b,TOI-2374,Transit,2024,4.31361,6.81,56.64,885,4802,0.75,0.69,134.655,12.095,21h17m59.58s,-22d02m59.36s
329,TOI-238 b,TOI-238,Transit,2024,1.273114,1.612,,1457,5080,0.79,0.75,80.5407,10.748,23h16m55.46s,-18d36m23.93s
330,TOI-2406 b,TOI-2406,Transit,2021,3.0766891,2.86,15.6,449,3100,0.17,0.2,55.419,,00h35m13.45s,-03d22m19.50s
331,TOI-2411 b,TOI-2411,Transit,2022,0.7826942,1.68,,1355,4099,0.65,0.68,59.5362,11.272,01h23m41.39s,-08d42m06.46s
332,TOI-2416 b,TOI-2416,Transit,2023,8.275479,9.864,953.48522,1080,5808,1.12,1.24,557.733,13.019,03h49m21.35s,-60d47m13.87s
333,TOI-2421 b,TOI-2421,Transit,2022,4.3474032,10.368,105.83686,1534,5607,1.13,1.75,327.927,11.419,02h12m36.96s,-35d23m27.31s
334,TOI-2427 b,TOI-2427,Transit,2022,1.3060011,1.8,,1117,4072,0.64,0.65,28.5147,10.295,03h29m10.02s,-31d21m46.32s
335,TOI-244 b,TOI-244,Transit,2023,7.397225,1.52,2.68,458,3433,0.43,0.43,22.0337,12.861,00h42m16.74s,-36d43m04.71s
336,TOI-2443 b,TOI-2443,Transit,2023,15.669494,2.773,,601,4357,0.66,0.73,23.9258,9.51,02h40m43.17s,+01d11m58.83s
337,TOI-2445 b,TOI-2445,Transit,2022,0.3711281,1.25,,1060,3333,0.25,0.27,48.582,15.692,02h53m15.88s,+00d03m08.41s
338,TOI-2447 b,TOI-2447,Transit,2024,69.33684,9.606,124.90656,414,5730,1.03,1.01,148.987,10.507,04h43m59.42s,-31d54m23.89s
339,TOI-2459 b,TOI-2459,Transit,2023,19.104718,2.953,,445,4195,0.66,0.68,36.6113,10.772,05h28m34.40s,-39d22m22.96s
340,TOI-2497 b,TOI-2497,Transit,2023,10.655669,11.142,1531.93292,1595,7360,1.86,2.36,285.289,9.547,06h00m15.02s,+11d53m02.61s
341,TOI-2498 b,TOI-2498,Transit,2023,3.738252,6.06,34.62,1443,5905,1.12,1.26,275.265,11.196,06h21m39.89s,+11d15m05.93s
342,TOI-251 b,TOI-251,Transit,2021,4.93777,2.74,317.83,,5875,1.04,0.88,99.523,9.887,23h32m14.90s,-37d15m21.11s
343,TOI-2524 b,TOI-2524,Transit,2023,7.18585,11.209,203.41018,1100,5831,1.01,1.12,438.842,12.8,10h43m32.84s,-01d54m45.71s
344,TOI-2525 b,TOI-2525,Transit,2023,23.2856,8.676,26.69759,,5096,0.85,0.79,395.398,14.216,05h47m24.23s,-60d31m16.71s
345,TOI-2525 c,TOI-2525,Transit,2023,49.2519,10.133,208.81326,,5096,0.85,0.79,395.398,14.216,05h47m24.23s,-60d31m16.71s
346,TOI-2529 b,TOI-2529,Transit,2024,64.5949,11.545,743.71847,636,5802,1.11,1.7,296.271,11.529,07h55m58.69s,-52d21m17.40s
347,TOI-2545 b,TOI-2545,Transit,2022,7.994037,2.75,,,5846.29,1.05,1.25,107.118,9.521,09h02m10.99s,-03d25m14.95s
348,TOI-2567 b,TOI-2567,Transit,2022,5.983944,10.929,63.88351,1352,5611,1.13,1.69,504.775,12.3,19h13m51.76s,+66d20m52.58s
349,TOI-257 b,TOI-257,Transit,2021,18.38818,7.163,43.86032,1027,6095,1.41,1.87,76.9028,7.57,03h10m04.14s,-50d49m56.15s
350,TOI-2570 b,TOI-2570,Transit,2022,2.9887615,13.641,260.61929,1431,5771,1.06,1.09,361.857,12.569,05h48m45.13s,+32d05m02.56s
351,TOI-2583 A b,TOI-2583 A,Transit,2023,4.5207265,14.46,79.4571,1456,5936,1.22,1.48,566.189,12.586,18h09m04.09s,+45d20m12.84s
352,TOI-2587 A b,TOI-2587 A,Transit,2023,5.45664,12.072,69.28659,1445,5760,1.15,1.73,373.675,11.544,07h43m43.61s,-01d04m24.00s
353,TOI-2589 b,TOI-2589,Transit,2023,61.6277,12.106,1112.39942,592,5579,0.93,1.07,200.273,11.415,07h09m57.16s,-37d13m51.41s
354,TOI-260 b,TOI-260,Transit,2024,13.475853,1.71,4.23,493,4026,0.62,0.61,20.1852,9.9,00h19m05.52s,-09d57m58.14s
355,TOI-261.01,TOI-261,Transit,2024,3.3639254,3.045,,1722,5890.3,0.5,1.28,114.495,9.56,01h00m52.35s,-24d25m26.38s
356,TOI-262 b,TOI-262,Transit,2023,11.14529,2.07,,584,5310,0.91,0.85,43.932,8.91,02h10m08.32s,-31d04m14.26s
357,TOI-2641 b,TOI-2641,Transit,2023,4.880974,18.103,122.68177,1387,6100,1.16,1.34,344.045,11.693,11h24m31.29s,-42d43m55.70s
358,TOI-2669 b,TOI-2669,Transit,2022,6.2034,19.728,193.87533,,4800,1.19,4.1,393.443,10.916,08h58m53.43s,-13d18m45.29s
359,TOI-269 b,TOI-269,Transit,2021,3.6977104,2.77,8.8,531,3514,0.39,0.4,57.0225,14.37,05h03m23.11s,-54d10m39.80s
360,TOI-270 b,TOI-270,Transit,2019,3.3601538,1.206,1.58,581,3506,0.39,0.38,22.4793,12.603,04h33m39.86s,-51d57m26.62s
361,TOI-270 c,TOI-270,Transit,2019,5.6605731,2.355,6.15,488,3506,0.39,0.38,22.4793,12.603,04h33m39.86s,-51d57m26.62s
362,TOI-270 d,TOI-270,Transit,2019,11.379573,2.133,4.78,387,3506,0.39,0.38,22.4793,12.603,04h33m39.86s,-51d57m26.62s
363,TOI-277 b,TOI-277,Transit,2022,3.994,2.65,,,4031,0.16,0.36,64.6692,13.632,01h16m18.41s,-20d57m11.80s
364,TOI-2796 b,TOI-2796,Transit,2023,4.8084983,17.262,139.8445,1205,5764,1.06,1.07,350.343,12.475,05h36m36.65s,+00d53m46.60s
365,TOI-2803 A b,TOI-2803 A,Transit,2023,1.96229325,18.114,309.8827,1893,6280,1.12,1.25,494.818,12.537,06h12m27.54s,-23d29m32.98s
366,TOI-2818 b,TOI-2818,Transit,2023,4.039709,15.278,225.65817,1376,5721,0.98,1.23,312.674,11.937,07h56m14.36s,-35d07m00.16s
367,TOI-2842 b,TOI-2842,Transit,2023,3.5514058,12.845,117.59651,1471,5910,1.14,1.26,460.995,12.59,07h12m10.61s,-10d38m21.62s
368,TOI-286 b,TOI-286,Transit,2024,4.5117244,1.42,4.53,979,5152,0.83,0.78,59.2293,9.866,06h03m56.23s,-60d39m58.81s
369,TOI-286 c,TOI-286,Transit,2024,39.361826,1.88,3.72,475,5152,0.83,0.78,59.2293,9.866,06h03m56.23s,-60d39m58.81s
370,TOI-2977 b,TOI-2977,Transit,2023,2.3505614,13.159,533.95172,1544,5691,0.94,1.07,,12.6334,09h35m42.36s,-60d21m26.91s
371,TOI-3023 b,TOI-3023,Transit,2023,3.9014971,16.432,197.05361,1596,5760,1.12,1.67,389.916,12.252,11h01m15.80s,-72d21m24.14s
372,TOI-3071 b,TOI-3071,Transit,2024,1.266938,7.16,68.2,2155,6177,1.29,1.31,485.219,12.383,11h33m06.97s,-56d30m12.19s
373,TOI-3082 b,TOI-3082,Transit,2023,1.926907,3.662,,1033,4263,0.66,0.68,113.048,12.934,13h03m37.94s,-19d13m08.34s
374,TOI-3235 b,TOI-3235,Transit,2023,2.59261842,11.4,211.35589,604,3388.8,0.39,0.37,72.811,15.16,13h49m53.72s,-46d03m59.45s
375,TOI-3261 b,TOI-3261,Transit,2024,0.8831331,3.82,30.3,1722,5068,0.86,0.85,300.141,13.261,03h10m54.85s,-73d31m55.10s
376,TOI-329 b,TOI-329,Transit,2024,5.70439,4.941,40.4,1213,5614,1.07,1.53,284.388,11.262,23h25m17.06s,-15d38m04.67s
377,TOI-332 b,TOI-332,Transit,2023,0.777038,3.2,57.2,1871,5251,0.88,0.87,222.852,12.349,23h12m14.15s,-44d52m35.35s
378,TOI-3321 b,TOI-3321,Transit,2024,3.6525145,15.558,176.07694,1616,5850,1.04,1.55,285.895,11.076,17h43m02.48s,-65d00m29.71s
379,TOI-3331 A b,TOI-3331 A,Transit,2022,2.0180231,12.98,721.47048,1488,5609,1.02,0.95,217.193,11.635,18h05m17.80s,-34d06m25.82s
380,TOI-3353.01,TOI-3353,Transit,2024,4.6657965,2.667,,1264,6365,1.33,1.02,78.7577,9.327,07h06m07.16s,-75d49m10.41s
381,TOI-3362 b,TOI-3362,Transit,2021,18.09547,12.801,1598.35906,,6532,1.45,1.83,366.987,10.86,10h23m56.19s,-56d50m35.22s
382,TOI-3364 b,TOI-3364,Transit,2023,5.8768918,12.229,530.77344,1264,5706,1.19,1.42,277.899,11.875,09h38m09.07s,-49d20m06.80s
383,TOI-3540 A b,TOI-3540 A,Transit,2022,3.119999,23.539,375.03752,1498,5810,1.08,1.23,,11.514,21h55m38.73s,+28d10m46.20s
384,TOI-3629 b,TOI-3629,Transit,2022,3.936551,8.295,82.63539,690,3870,0.63,0.6,130.091,14.639,23h59m10.41s,+39d18m51.32s
385,TOI-3688 A b,TOI-3688 A,Transit,2023,3.246075,13.081,311.47184,1534,5950,1.2,1.3,396.378,12.241,02h37m07.76s,+54d51m04.37s
386,TOI-3693 b,TOI-3693,Transit,2022,9.088516,12.599,324.18498,801,5321,0.87,0.79,176.436,11.948,01h02m37.05s,+51d18m14.01s
387,TOI-3714 b,TOI-3714,Transit,2022,2.154849,11.321,222.47988,750,3660,0.53,0.51,112.71,15.7,04h38m12.56s,+39d27m28.81s
388,TOI-3757 b,TOI-3757,Transit,2022,3.438753,12,85.3,759,3913,0.64,0.62,181.139,14.812,06h04m00.87s,+55d01m11.93s
389,TOI-3785 b,TOI-3785,Transit,2023,4.6747373,5.14,14.95,582,3576,0.52,0.5,79.7634,14.595,08h43m36.05s,+63d04m41.08s
390,TOI-3807 b,TOI-3807,Transit,2023,2.8989727,18.495,330.54154,1646,5772,1.18,1.47,421.745,11.856,09h16m27.02s,+69d04m26.86s
391,TOI-3819 b,TOI-3819,Transit,2023,3.2443141,13.137,352.78953,1633,5859,1.24,1.54,558.141,12.542,08h07m27.18s,+29d23m19.12s
392,TOI-3884 b,TOI-3884,Transit,2022,4.5445828,6.43,32.59,441,3180,0.3,0.3,43.1448,15.744,12h06m17.24s,+12d30m25.29s
393,TOI-3894 b,TOI-3894,Transit,2024,4.33454,15.278,260.61929,1531,6000,1.14,1.5,417.365,11.992,13h25m29.96s,+52d46m05.17s
394,TOI-3912 b,TOI-3912,Transit,2023,3.4936264,14.28,129.03833,1512,5725,1.09,1.39,465.992,12.507,14h23m12.36s,+24d04m35.63s
395,TOI-3919 b,TOI-3919,Transit,2024,7.433234,12.319,1233.17422,1198,6100,1.21,1.32,604.591,12.858,13h55m46.74s,+40d23m30.50s
396,TOI-3976 A b,TOI-3976 A,Transit,2023,6.607662,12.274,55.61997,1295,5975,1.25,1.5,516.087,12.403,14h57m25.44s,+44d16m27.56s
397,TOI-3984 A b,TOI-3984 A,Transit,2023,4.353326,7.9,44,563,3476,0.49,0.47,108.883,15.694,15h05m20.92s,+36d47m13.11s
398,TOI-4010 b,TOI-4010,Transit,2023,1.348335,3.02,11,1441,4960,0.88,0.83,177.504,12.291,01h20m51.56s,+66d04m19.92s
399,TOI-4010 c,TOI-4010,Transit,2023,5.414654,5.93,20.31,907,4960,0.88,0.83,177.504,12.291,01h20m51.56s,+66d04m19.92s
400,TOI-4010 d,TOI-4010,Transit,2023,14.70886,6.18,38.15,650,4960,0.88,0.83,177.504,12.291,01h20m51.56s,+66d04m19.92s
401,TOI-406.01,TOI-406,Transit,2024,13.1757294,1.96,,344,3349,0.48,0.39,31.0597,13.773,03h17m03.03s,-42d14m38.94s
402,TOI-4087 b,TOI-4087,Transit,2023,3.1774835,13.047,232.01474,1458,6060,1.18,1.11,301.676,12.107,14h31m42.19s,+83d22m21.74s
403,TOI-411 b,HD 22946,Transit,2022,4.040295,1.362,13.71,1241,6169,1.1,1.12,62.7792,8.270001,03h39m16.69s,-42d45m46.90s
404,TOI-411 c,HD 22946,Transit,2022,9.573083,2.328,9.72,931,6169,1.1,1.12,62.7792,8.270001,03h39m16.69s,-42d45m46.90s
405,TOI-4127 b,TOI-4127,Transit,2023,56.39879,12.285,731.00534,605,6096,1.23,1.29,319.632,11.441,07h01m37.09s,+72d24m53.75s
406,TOI-4137 b,TOI-4137,Transit,2022,3.8016122,13.574,457.67291,1570,6202,1.31,1.44,334.993,11.31,05h10m27.09s,+70d23m27.88s
407,TOI-4145 A b,TOI-4145 A,Transit,2023,4.0664428,13.305,136.66622,1074,5281,0.91,0.86,205.387,12.084,02h37m43.14s,+80d16m02.58s
408,TOI-4153 b,TOI-4153,Transit,2024,4.6174141,16.119,365.50267,1669,6860,1.57,1.6,423.84,11.601,22h21m34.43s,+82d12m57.89s
409,TOI-4184 b,TOI-4184,Transit,2023,4.9019804,2.43,,412,3238,0.21,0.23,69.3649,17.12,02h55m18.83s,-79d24m52.93s
410,TOI-4201 b,TOI-4201,Transit,2023,3.5819194,13.675,788.21445,725,3794,0.61,0.63,189.011,15.163,06h01m53.93s,-13d27m40.94s
411,TOI-421 b,TOI-421,Transit,2020,5.197576,2.64,6.7,922,5291,0.83,0.87,74.7969,9.931,05h27m24.79s,-14d16m36.27s
412,TOI-421 c,TOI-421,Transit,2020,16.067541,5.09,14.1,635,5291,0.83,0.87,74.7969,9.931,05h27m24.79s,-14d16m36.27s
413,TOI-4308 b,TOI-4308,Transit,2023,9.151201,2.419,,763,5243,0.9,0.79,108.932,11.251,21h51m00.74s,-43d33m44.51s
414,TOI-431 b,TOI-431,Transit,2021,0.490047,1.28,3.07,1862,4850,0.78,0.73,32.5686,9.12,05h33m04.62s,-26d43m25.93s
415,TOI-431 d,TOI-431,Transit,2021,12.46103,3.29,9.9,633,4850,0.78,0.73,32.5686,9.12,05h33m04.62s,-26d43m25.93s
416,TOI-4329 b,TOI-4329,Transit,2022,2.9223,16.813,143.02278,,6000,1.54,2.31,717.128,12.724,21h58m15.34s,+71d07m53.78s
417,TOI-4336 A b,TOI-4336 A,Transit,2024,16.336334,2.12,,308,3298,0.33,0.33,22.5455,13.6,13h44m25.68s,-40d20m14.46s
418,TOI-4342 b,TOI-4342,Transit,2023,5.5382498,2.266,,634,3901,0.63,0.6,61.5204,12.669,21h37m33.46s,-77d58m44.93s
419,TOI-4342 c,TOI-4342,Transit,2023,10.688716,2.415,,509,3901,0.63,0.6,61.5204,12.669,21h37m33.46s,-77d58m44.93s
420,TOI-4377 b,TOI-4377,Transit,2023,4.378081,15.11,304.16179,,4974,1.36,3.52,455.82,11.707,10h59m43.79s,-82d13m16.86s
421,TOI-4379 b,TOI-4379,Transit,2024,3.25352,16.69,353.74302,,6020,1.37,1.98,645.158,12.661,16h48m11.49s,-32d26m01.51s
422,TOI-4406 b,TOI-4406,Transit,2023,30.08364,11.209,95.34852,904,6219,1.19,1.29,261.834,10.937,01h12m11.64s,-56d55m31.40s
423,TOI-4438 b,TOI-4438,Transit,2024,7.44628,2.52,5.4,435,3422,0.37,0.37,30.0346,13.69,18h01m16.14s,+35d35m41.64s
424,TOI-444 b,TOI-444,Transit,2023,17.9636,2.77,,609,5225,0.96,0.78,57.3973,9.86,04h16m44.16s,-26d45m59.07s
425,TOI-4443.01,TOI-4443,Transit,2024,1.8498567,1.719,,1639,5834,1.05,1.02,56.0739,8.493,18h17m04.48s,+21d54m34.37s
426,TOI-4463 A b,TOI-4463 A,Transit,2023,2.8807198,13.26,252.35576,1395,5640,1.06,1.06,173.117,11.036,18h37m25.95s,+18d43m47.83s
427,TOI-4479 b,TOI-4479,Transit,2022,1.1589,2.82,,861,3400,0.45,0.45,80.6532,15.18,21h04m23.27s,+24d39m13.23s
428,TOI-4495.01,TOI-4495,Transit,2024,5.1830043,3.63,,1383,6156,1.17,1.34,132.214,9.531,19h05m27.00s,+37d01m33.56s
429,TOI-451 b,TOI-451,Transit,2020,1.858703,1.91,,1491,5550,0.95,0.88,123.739,10.939,04h11m51.93s,-37d56m23.03s
430,TOI-451 c,TOI-451,Transit,2020,9.192522,3.1,,875,5550,0.95,0.88,123.739,10.939,04h11m51.93s,-37d56m23.03s
431,TOI-451 d,TOI-451,Transit,2020,16.364988,4.07,,722,5550,0.95,0.88,123.739,10.939,04h11m51.93s,-37d56m23.03s
432,TOI-4515 b,TOI-4515,Transit,2024,15.266446,12.17,637,705,5433,0.95,0.86,193.499,11.938,01h24m44.68s,+21d30m47.03s
433,TOI-4527.01,TOI-4527,Transit,2024,0.3994445,0.909,,1363,3702,0.48,0.49,18.1037,10.917,01h17m53.34s,+05d28m16.32s
434,TOI-4551 b,TOI-4551,Transit,2023,9.95581,11.859,473.56433,,4896,1.31,3.55,215.986,9.973,12h19m54.90s,-25d49m40.27s
435,TOI-4559 b,TOI-4559,Transit,2024,3.965991,1.415,,554,3558,0.39,0.37,31.6354,13.115,14h04m03.25s,-30d00m50.85s
436,TOI-4562 b,TOI-4562,Transit,2023,225.11781,12.53,732,318,6096,1.19,1.15,339.605,12.14,07h28m02.41s,-63d31m04.00s
437,TOI-4582 b,TOI-4582,Transit,2023,31.034,10.536,168.44906,,5190,1.34,2.5,383.846,11.27,17h07m26.43s,+68d51m56.25s
438,TOI-4600 b,TOI-4600,Transit,2023,82.6869,6.8,959.84179,347,5170,0.89,0.81,216.056,12.577,17h13m48.09s,+64d33m58.22s
439,TOI-4600 c,TOI-4600,Transit,2023,482.8191,9.42,2946.26933,191,5170,0.89,0.81,216.056,12.577,17h13m48.09s,+64d33m58.22s
440,TOI-4602.01,TOI-4602,Transit,2024,3.9812091,2.55,,1380,6011.9,1.12,1.16,63.0637,8.32,04h02m24.08s,+31d19m47.41s
441,TOI-4603 b,TOI-4603,Transit,2023,7.24599,11.68,4096.80817,1677,6264,1.76,2.74,225.643,9.24,05h35m27.82s,+21d17m39.27s
442,TOI-4633 c,TOI-4633,Transit,2024,271.9445,3.2,123,,5800,1.1,1.05,95.2016,9.017,17h07m22.34s,+62d28m31.97s
443,TOI-4641 b,TOI-4641,Transit,2023,22.09341,8.183,1229.99594,,6560,1.41,1.72,86.3501,7.51,02h50m13.97s,+25d20m00.72s
444,TOI-470 b,TOI-470,Transit,2023,12.19148,4.34,,660,5190,0.87,0.83,130.46,11.171,06h16m02.38s,-25d01m53.08s
445,TOI-4791 b,TOI-4791,Transit,2023,4.28088,12.442,734.18362,1472,6058,1.24,1.41,328.802,11.541,07h17m33.21s,-19d49m44.18s
446,TOI-480 b,TOI-480,Transit,2024,6.866196,2.854,20.8,1199,6174,1.28,1.49,54.5306,7.28,05h53m30.83s,-16d15m55.43s
447,TOI-481 b,TOI-481,Transit,2020,10.33111,11.097,486.2799,1370,5735,1.14,1.66,179.366,9.972,07h22m03.04s,-57d23m05.99s
448,TOI-4860 b,TOI-4860,Transit,2023,1.5227591,8.7,86.7,694,3260,0.34,0.36,80.1423,16.47,12h14m15.35s,-13d10m29.43s
449,TOI-500 b,TOI-500,Transit,2022,0.548177,1.166,1.42,1617,4440,0.74,0.68,47.3924,10.54,07h06m14.18s,-47d35m16.14s
450,TOI-5076 b,TOI-5076,Transit,2024,23.445,3.2,16,615,5070,0.8,0.78,82.857,10.9,03h22m02.50s,+17d14m21.15s
451,TOI-5082.01,TOI-5082,Transit,2024,4.240122,2.548,,1165,5670,1,0.93,43.1406,8.25,07h06m16.70s,+22d40m59.33s
452,TOI-5126 b,TOI-5126,Transit,2023,5.4588385,4.74,,1442,6150,1.24,1.24,160.414,10.141,10h06m38.35s,+18d38m02.63s
453,TOI-5126 c,TOI-5126,Transit,2023,17.8999,3.86,,971,6150,1.24,1.24,160.414,10.141,10h06m38.35s,+18d38m02.63s
454,TOI-5153 b,TOI-5153,Transit,2022,20.33003,11.882,1036.12061,906,6300,1.24,1.4,390.484,11.932,06h06m09.68s,-19d57m12.40s
455,TOI-5174 b,TOI-5174,Transit,2022,12.214286,5.351,,,5643.77,1,1.09,197.243,11.583,11h36m26.28s,-02d01m24.06s
456,TOI-519 b,TOI-519,Transit,2021,1.2652328,11.545,147.15455,687,3322,0.34,0.35,115.557,17.35,08h18m25.62s,-19d39m46.05s
457,TOI-5205 b,TOI-5205,Transit,2023,1.630757,11.6,343,737,3430,0.39,0.39,86.4493,15.899,20h55m04.96s,+24d21m39.52s
458,TOI-5218 b,TOI-5218,Transit,2024,4.291452,9.86,657,783,4230,0.74,0.71,377.483,16.044,19h30m39.23s,+71d45m46.66s
459,TOI-5232 b,TOI-5232,Transit,2024,4.0966692,12.778,743.71847,1772,6500,1.39,1.78,609.388,12.246,19h37m20.98s,+35d16m35.38s
460,TOI-5238 b,TOI-5238,Transit,2022,4.872171,5.22,,,5631,1,1.02,290.646,12.214,14h53m26.13s,+68d51m34.10s
461,TOI-5293 A b,TOI-5293 A,Transit,2023,2.930289,11.9,170.4,675,3586,0.54,0.52,162.229,16.19,23h43m18.88s,-02d02m42.34s
462,TOI-530 b,TOI-530,Transit,2021,6.387597,9.303,127.13136,565,3659,0.53,0.54,148.762,15.403,06h53m39.08s,+12d52m53.68s
463,TOI-5301 b,TOI-5301,Transit,2024,5.858858,13.092,1182.32167,1648,6240,1.48,2.19,629.161,11.738,00h51m57.79s,+13d04m42.14s
464,TOI-532 b,TOI-532,Transit,2021,2.3266508,5.82,61.5,867,3927,0.64,0.61,135.047,14.413,05h40m19.21s,+11d33m45.49s
465,TOI-5344 b,TOI-5344,Transit,2023,3.792622,10.604,130.9453,689,3747,0.61,0.59,138.367,15.402,04h13m03.89s,+20d54m54.56s
466,TOI-5388.01,TOI-5388,Transit,2024,2.594675,1.894,,601,3495,0.29,0.31,18.5226,12.728,10h08m42.36s,+35d32m51.21s
467,TOI-5398 b,TOI-5398,Transit,2022,10.590547,10.3,58.7,947,6000,1.15,1.05,130.855,10.059,10h47m31.09s,+36d19m45.96s
468,TOI-5398 c,TOI-5398,Transit,2023,4.77271,3.52,11.8,1242,6000,1.15,1.05,130.855,10.059,10h47m31.09s,+36d19m45.96s
469,TOI-540 b,TOI-540,Transit,2020,1.2391491,0.903,,611,3216,0.16,0.19,14.0022,14.823,05h05m14.33s,-47d56m15.14s
470,TOI-544 b,TOI-544,Transit,2022,1.548352,2.018,2.89,999,4169,0.63,0.62,41.1166,10.777,05h29m09.62s,-00d20m34.43s
471,TOI-5542 b,TOI-5542,Transit,2022,75.12375,11.31,419.5335,441,5700,0.89,1.06,348.849,12.42,20h11m11.62s,-61d08m07.68s
472,TOI-558 b,TOI-558,Transit,2021,14.574071,12.173,1147.36055,1061,6466,1.35,1.5,402.63,11.233,02h49m09.96s,-58d01m28.86s
473,TOI-559 b,TOI-559,Transit,2021,6.9839095,12.229,1910.14873,1180,5925,1.03,1.23,233.266,11.091,03h07m16.47s,-31d09m46.78s
474,TOI-561 b,TOI-561,Transit,2020,0.4465688,1.425,2,2310,5372,0.81,0.84,85.799,10.252,09h52m44.44s,+06d12m57.97s
475,TOI-561 c,TOI-561,Transit,2020,10.778831,2.91,5.39,800,5372,0.81,0.84,85.799,10.252,09h52m44.44s,+06d12m57.97s
476,TOI-561 d,TOI-561,Transit,2020,25.7124,2.82,13.2,598,5372,0.81,0.84,85.799,10.252,09h52m44.44s,+06d12m57.97s
477,TOI-561 e,TOI-561,Transit,2020,77.03,2.55,12.6,415,5372,0.81,0.84,85.799,10.252,09h52m44.44s,+06d12m57.97s
478,TOI-5616 b,TOI-5616,Transit,2024,2.002849,10.78,624,939,3996,0.67,0.65,390.415,16.74,12h19m36.39s,+48d40m59.84s
479,TOI-5634 A b,TOI-5634 A,Transit,2024,2.2035373,10.42,588,837,3896,0.56,0.54,306.144,16.854,11h42m34.47s,+20d57m55.05s
480,TOI-564 b,TOI-564,Transit,2020,1.651144,11.433,464.98529,1714,5640,1,1.09,199.581,11.097,08h41m10.84s,-16d02m10.78s
481,TOI-5678 b,TOI-5678,Transit,2023,47.73022,4.91,20,513,5485,0.91,0.94,165.393,11.438,03h09m32.20s,-34d11m54.53s
482,TOI-5704 b,TOI-5704,Transit,2023,3.771116,3.227,,949,4590,0.73,0.76,89.637,11.529,11h19m17.97s,+44d59m20.68s
483,TOI-5720 b,TOI-5720,Transit,2024,1.4344555,1.09,4.3,708,3325,0.38,0.38,35.8256,13.847,11h21m15.26s,+25d16m23.86s
484,TOI-5799 b,TOI-5799,Transit,2024,4.164753,1.625,,518,3514,0.34,0.33,27.8123,13.29,20h06m31.24s,+15d59m20.91s
485,TOI-5803 b,TOI-5803,Transit,2023,5.38305,3.273,,679,5134,0.87,0.76,84.0126,10.655,21h48m59.70s,+06d16m41.44s
486,TOI-6008 b,TOI-6008,Transit,2024,0.8574347,1.03,4,707,3075,0.23,0.24,23.1008,15.97,20h41m47.70s,+49d38m48.84s
487,TOI-6029 b,TOI-6029,Transit,2024,5.7987,14.392,519.64945,,6223,1.55,2.34,603.119,12.858,00h33m32.70s,+61d51m38.76s
488,TOI-6034 b,TOI-6034,Transit,2024,2.576184,11.92,254,714,3635,0.51,0.49,117.992,15.189,21h11m36.03s,+68d24m07.47s
489,TOI-6086 b,TOI-6086,Transit,2024,1.3888725,1.18,,634,3200,0.25,0.26,31.4566,14.981,17h41m28.90s,+30d18m13.59s
490,TOI-615 b,TOI-615,Transit,2023,4.6615983,18.977,138.25536,1666,6850,1.45,1.73,360.408,10.825,08h53m38.09s,-40d32m37.32s
491,TOI-620 b,TOI-620,Transit,2022,5.0988179,3.76,,604,3708,0.58,0.55,33.0231,12.262,09h28m41.63s,-12d10m01.79s
492,TOI-622 b,TOI-622,Transit,2023,6.402513,9.236,96.30201,1388,6400,1.31,1.42,123.297,8.995,08h21m13.21s,-46d29m03.47s
493,TOI-6255 b,TOI-6255,Transit,2024,0.23818244,1.079,1.44,,3421,0.35,0.37,20.3167,12.747,22h06m00.76s,+39d17m55.78s
494,TOI-628 b,TOI-628,Transit,2021,3.4095675,11.882,2011.8639,1586,6250,1.31,1.34,178.68,10.112,06h37m03.13s,+01d46m03.18s
495,TOI-640 b,TOI-640,Transit,2021,5.0037775,19.851,279.6904,1749,6460,1.54,2.08,341.997,10.51,06h38m56.30s,-36d38m46.07s
496,TOI-654.01,TOI-654,Transit,2024,1.5275657,2.371,,749,3433,0.53,0.43,57.7553,14.54,10h58m53.89s,-05d32m51.16s
497,TOI-663 b,TOI-663,Transit,2024,2.598902,2.27,4.45,674,3681,0.51,0.51,64.2308,13.667,10h40m15.80s,-08d30m39.90s
498,TOI-663 c,TOI-663,Transit,2024,4.6955507,2.26,3.65,553,3681,0.51,0.51,64.2308,13.667,10h40m15.80s,-08d30m39.90s
499,TOI-663 d,TOI-663,Transit,2024,7.1027268,1.92,5.2,482,3681,0.51,0.51,64.2308,13.667,10h40m15.80s,-08d30m39.90s
500,TOI-669 b,TOI-669,Transit,2023,3.945152,2.586,10,1125,5597,0.92,0.99,142.867,10.606,10h35m36.17s,-05d10m52.94s
501,TOI-672 b,TOI-672,Transit,2023,3.633575,5.26,,676,3765,0.54,0.54,66.9071,13.576,11h11m57.81s,-39d19m41.21s
502,TOI-674 b,TOI-674,Transit,2021,1.977143,5.25,23.6,635,3514,0.42,0.42,46.0851,14.203,10h58m20.77s,-36d51m29.19s
503,TOI-677 b,TOI-677,Transit,2020,11.2366,13.115,392.83788,1252,6295,1.18,1.28,141.812,9.822,09h36m28.65s,-50d27m47.14s
504,TOI-700 b,TOI-700,Transit,2020,9.977219,0.914,,,3459,0.41,0.42,31.1265,13.151,06h28m22.97s,-65d34m43.01s
505,TOI-700 c,TOI-700,Transit,2020,16.051137,2.6,,,3459,0.41,0.42,31.1265,13.151,06h28m22.97s,-65d34m43.01s
506,TOI-700 d,TOI-700,Transit,2020,37.42396,1.073,,,3459,0.41,0.42,31.1265,13.151,06h28m22.97s,-65d34m43.01s
507,TOI-700 e,TOI-700,Transit,2023,27.80978,0.953,,,3459,0.41,0.42,31.1265,13.151,06h28m22.97s,-65d34m43.01s
508,TOI-712 b,TOI-712,Transit,2022,9.531361,2.049,,650,4622,0.73,0.67,58.6212,10.838,06h11m44.67s,-65d49m33.02s
509,TOI-712 c,TOI-712,Transit,2022,51.69906,2.701,,370,4622,0.73,0.67,58.6212,10.838,06h11m44.67s,-65d49m33.02s
510,TOI-712 d,TOI-712,Transit,2022,84.8396,2.474,,314,4622,0.73,0.67,58.6212,10.838,06h11m44.67s,-65d49m33.02s
511,TOI-715 b,TOI-715,Transit,2023,19.288004,1.55,,234,3075,0.23,0.24,42.4048,16.683,07h35m24.56s,-73d34m38.67s
512,TOI-733 b,TOI-733,Transit,2023,4.884765,1.992,5.72,1056,5585,0.96,0.95,75.2092,9.44,10h37m38.24s,-40d53m17.73s
513,TOI-757 b,TOI-757,Transit,2024,17.46819,2.5,10.5,641,5278,0.8,0.78,60.3418,9.743,12h31m58.76s,-35d33m16.03s
514,TOI-762 A b,TOI-762 A,Transit,2024,3.4716826,8.339,79.77493,555,3266,0.44,0.42,98.4458,16,11h04m17.94s,-47d49m17.39s
515,TOI-763 b,TOI-763,Transit,2020,5.6057,2.28,9.79,1038,5450,0.92,0.9,95.1274,10.265,12h57m52.34s,-39d45m29.02s
516,TOI-763 c,TOI-763,Transit,2020,12.2737,2.63,9.32,800,5450,0.92,0.9,95.1274,10.265,12h57m52.34s,-39d45m29.02s
517,TOI-771 b,TOI-771,Transit,2024,2.326021,1.422,,527,3201,0.22,0.24,25.2788,14.888,10h56m27.33s,-72d59m06.62s
518,TOI-776 b,TOI-776,Transit,2020,8.24662,1.798,5,520,3725,0.54,0.55,27.1701,11.536,11h54m18.72s,-37d33m12.08s
519,TOI-776 c,TOI-776,Transit,2020,15.665323,2.047,6.9,420,3725,0.54,0.55,27.1701,11.536,11h54m18.72s,-37d33m12.08s
520,TOI-778 b,TOI-778,Transit,2023,4.633611,15.4,878,1561,6643,1.4,1.71,161.743,9.109,13h17m20.12s,-15d16m25.34s
521,TOI-782 b,TOI-782,Transit,2024,8.0240015,2.734,19.1,435,3370,0.4,0.41,52.5122,14.83,12h15m40.89s,-18d54m37.22s
522,TOI-784 b,HD 307842,Transit,2023,2.7970365,1.93,9.67,,5558,0.91,0.91,64.5997,9.412,10h37m21.89s,-63d39m20.49s
523,TOI-813 b,TOI-813,Transit,2020,83.8911,6.71,,610,5907,1.32,1.94,263.145,10.358,04h50m46.56s,-60d54m19.66s
524,TOI-815 b,TOI-815,Transit,2024,11.197259,2.94,7.6,686,4869,0.78,0.77,59.7117,10.217,10h23m29.27s,-43d50m05.73s
525,TOI-815 c,TOI-815,Transit,2024,34.976145,2.62,23.5,469,4869,0.78,0.77,59.7117,10.217,10h23m29.27s,-43d50m05.73s
526,TOI-824 b,TOI-824,Transit,2020,1.392978,2.926,18.467,1253,4600,0.71,0.69,63.9262,11.314,14h48m39.71s,-57d35m19.92s
527,TOI-833 b,TOI-833,Transit,2022,1.0418777,1.27,,1118,3920,0.61,0.6,41.7148,11.724,09h42m34.91s,-62d28m33.19s
528,TOI-836 b,TOI-836,Transit,2023,3.81673,1.704,4.53,871,4552,0.68,0.67,27.5024,9.92,15h00m19.17s,-24d27m15.13s
529,TOI-836 c,TOI-836,Transit,2023,8.59545,2.587,9.6,665,4552,0.68,0.67,27.5024,9.92,15h00m19.17s,-24d27m15.13s
530,TOI-837 b,TOI-837,Transit,2020,8.3249113,9.169,120.45697,995,5995,1.14,1.05,142.488,10.635,10h28m08.95s,-64d30m18.76s
531,TOI-849 b,TOI-849,Transit,2020,0.765548,3.64,41.8,,5257,0.97,0.97,225.734,11.981,01h54m51.79s,-29d25m18.15s
532,TOI-858 B b,TOI-858 B,Transit,2023,3.2797178,14.067,349.61125,1529,5842,1.08,1.31,250.489,11.183,04h00m47.96s,-54d35m34.50s
533,TOI-871 b,TOI-871,Transit,2024,14.362565,1.664,,621,4929,0.76,0.72,68.0473,10.569,04h58m57.03s,-50d37m38.70s
534,TOI-880.02,TOI-880,Transit,2024,2.5735943,2.778,,1163,4935,0.81,0.82,60.6679,10.104,06h16m39.47s,-13d59m14.41s
535,TOI-892 b,TOI-892,Transit,2020,10.62656,11.994,301.9385,1397,6261,1.28,1.39,340.543,11.43,05h46m57.17s,-11d14m07.22s
536,TOI-904 b,TOI-904,Transit,2023,10.8772,2.426,,429,3770.2,0.56,0.53,46.0891,12.588,05h57m29.11s,-83d07m47.02s
537,TOI-904 c,TOI-904,Transit,2023,83.9997,2.167,,217,3770.2,0.56,0.53,46.0891,12.588,05h57m29.11s,-83d07m47.02s
538,TOI-905 b,TOI-905,Transit,2020,3.739494,13.126,211.99261,1192,5570,0.97,0.92,158.649,11.08,15h10m38.08s,-71d21m41.87s
539,TOI-907.01,TOI-907,Transit,2024,4.5849129,9.616,,1847,6272,1.07,2.06,312.529,10.394,17h28m44.02s,-62d50m25.38s
540,TOI-908 b,TOI-908,Transit,2023,3.183792,3.186,16.137,1317,5626,0.95,1.03,175.748,11.316,03h32m38.26s,-81d15m02.68s
541,TOI-913 b,TOI-913,Transit,2023,11.098644,2.453,,712,4969,0.82,0.73,65.1769,10.452,15h38m17.36s,-80d48m12.34s
542,TOI-942 b,TOI-942,Transit,2020,4.32421,3.89,,,,0.82,0.89,152.601,11.982,05h06m35.91s,-20d14m44.21s
543,TOI-942 c,TOI-942,Transit,2020,10.156272,4.67,,,,0.82,0.89,152.601,11.982,05h06m35.91s,-20d14m44.21s
544,TOI-954 b,TOI-954,Transit,2020,3.6849729,9.55,55.30242,1526,5710,1.2,1.89,238.768,10.343,04h07m45.85s,-25d12m31.69s
545,TOI-969 b,TOI-969,Transit,2022,1.8237305,2.765,9.1,941,4435,0.73,0.67,77.2554,11.646,07h40m32.80s,+02d05m54.92s
546,WASP-126 c,WASP-126,Transit Timing Variations,2019,7.63,,64.2,,5800,1.12,1.27,216.526,10.994,04h13m29.93s,-69d13m35.73s
547,WASP-132 c,WASP-132,Transit,2022,1.011534,1.85,37.35,,4714,0.78,0.75,122.91,11.938,14h30m26.21s,-46d09m34.26s
548,WASP-18 c,WASP-18,Transit Timing Variations,2019,2.1558,,55.2,,6400,1.22,1.23,123.483,9.28,01h37m25.07s,-45d40m40.06s
549,WASP-84 c,WASP-84,Transit,2023,1.4468849,1.95,15.2,1329,,0.85,0.77,100.588,10.825,08h44m25.68s,+01d51m35.62s
550,WD 1856+534 b,WD 1856+534,Transit,2020,1.4079405,10.4,4386.054,163,4710,0.52,0.01,24.7359,17.244,18h57m39.76s,+53d30m32.49s
551,Wolf 327 b,Wolf 327,Transit,2024,0.5734745,1.24,2.53,996,3542,0.41,0.41,28.5321,13.018,09h53m30.80s,+35d34m13.97s
552,pi Men c,HD 39091,Transit,2018,6.26791,,3.49611,,,1.1,,18.2702,5.65,05h37m11.83s,-80d27m52.57s
